id_article;id_pers
0;148
0;204
1;148
1;37
1;82
1;180
1;290
2;199
2;55
2;131
2;140
2;141
2;148
2;204
2;270
3;148
3;37
3;236
3;204
4;131
4;221
5;40
5;41
5;55
5;271
6;27
6;40
6;99
6;266
8;40
8;41
8;99
8;271
9;204
9;261
10;55
10;204
12;55
12;131
13;148
13;204
15;148
16;0
16;40
16;41
16;44
16;64
16;99
16;137
16;271
18;2
21;208
22;148
22;204
22;236
23;40
23;41
23;44
23;271
24;40
24;41
24;204
24;261
24;271
27;204
27;148
29;89
29;139
29;148
30;55
31;32
31;204
31;218
31;250
31;297
33;148
34;40
34;41
34;64
34;271
35;148
36;148
38;55
38;148
43;44
43;64
44;148
45;44
45;64
49;11
49;125
50;148
52;148
53;148
53;139
55;40
55;41
55;148
55;204
55;271
56;139
56;55
56;69
56;131
56;140
56;143
56;148
56;204
56;234
56;248
57;302
58;55
58;103
58;139
58;148
58;199
58;204
58;233
59;40
59;41
59;271
60;32
60;148
62;148
64;32
65;44
65;64
66;237
67;204
67;25
67;40
67;43
67;44
67;64
67;70
67;71
67;99
67;121
67;139
67;148
67;178
67;218
67;250
67;261
67;270
69;40
69;41
69;44
69;55
69;121
69;126
69;141
69;148
69;199
69;204
69;271
73;148
73;270
73;294
75;32
76;40
76;41
76;64
76;67
76;271
77;139
77;148
77;158
77;218
77;221
78;172
79;148
79;68
79;139
79;204
79;218
79;261
81;148
82;148
82;55
83;93
83;270
85;119
85;148
86;40
86;41
86;44
86;137
86;271
87;32
87;75
87;84
87;129
87;131
87;148
87;221
90;55
90;131
90;148
91;148
91;204
92;23
93;23
93;148
94;148
94;236
95;17
95;237
96;148
96;199
96;294
97;204
97;148
97;55
98;143
98;148
98;199
100;148
100;140
100;141
100;199
100;202
100;204
100;236
100;270
102;40
102;41
102;44
102;271
103;139
103;140
105;11
105;125
105;148
106;91
106;108
106;161
107;55
107;148
107;204
109;8
109;108
109;161
109;162
109;167
110;55
110;199
112;35
112;44
114;0
114;55
114;204
115;172
115;218
115;232
115;259
115;304
117;55
117;131
117;148
117;75
118;129
118;42
118;65
118;118
118;148
118;204
119;53
119;75
119;82
119;84
119;148
119;199
119;236
121;55
122;4
122;38
122;275
122;280
122;282
123;40
123;67
123;118
124;294
125;129
125;148
125;204
126;79
126;148
128;304
128;2
128;190
129;105
129;118
129;133
129;148
129;204
130;131
131;69
131;148
133;148
134;131
134;55
134;134
134;138
134;139
134;141
134;148
134;174
135;34
135;40
135;93
136;139
137;40
137;41
137;55
137;271
138;204
138;116
138;134
138;148
138;278
139;40
139;41
139;44
139;271
140;40
140;41
140;44
140;271
141;47
141;131
141;139
141;148
141;218
143;204
144;139
144;148
144;204
145;32
145;138
145;148
145;236
149;68
149;93
149;204
149;294
150;62
150;79
150;168
150;218
151;118
151;148
151;219
151;240
152;148
156;55
156;69
156;106
156;121
156;122
156;131
156;143
156;148
156;149
156;199
156;204
158;118
158;143
159;40
159;41
159;55
159;93
159;100
159;252
159;271
160;93
161;40
161;41
161;44
161;252
161;271
161;302
162;118
162;204
162;148
164;7
164;118
164;148
164;165
164;225
164;294
166;118
166;199
167;68
167;148
167;294
168;67
168;44
168;64
169;129
169;131
169;221
171;301
172;291
173;93
173;118
173;148
173;270
176;148
176;55
176;69
176;131
176;139
178;55
178;148
178;199
178;204
179;304
180;118
180;279
180;294
181;19
181;37
181;118
181;138
181;148
181;174
181;204
183;199
183;19
183;37
183;86
183;148
183;180
183;192
183;194
183;202
183;204
184;118
185;40
185;99
185;118
185;148
185;204
186;199
186;204
186;148
186;139
187;19
187;37
187;148
187;205
188;148
189;131
189;86
189;106
189;122
189;148
189;149
189;274
190;142
190;168
190;232
190;304
191;5
191;87
191;93
191;210
191;240
193;148
194;139
194;148
194;195
194;218
195;131
195;55
195;121
195;138
195;139
195;141
195;148
195;174
196;64
197;37
197;148
197;204
198;80
198;106
198;122
198;131
198;148
198;149
199;55
199;199
200;143
200;148
200;204
201;40
201;67
201;99
202;25
202;55
202;70
202;139
202;148
202;204
203;204
203;148
203;139
205;40
205;41
205;56
205;83
205;98
205;204
205;218
205;232
205;261
205;271
206;40
206;41
206;44
206;64
206;137
206;271
207;148
208;138
208;148
208;174
208;204
209;294
210;55
210;81
210;119
210;129
210;148
210;169
210;199
214;148
214;19
214;37
214;180
214;199
214;204
215;40
215;41
215;55
215;100
215;271
217;19
217;25
217;37
217;129
217;139
217;148
217;195
217;204
217;219
217;233
217;252
217;263
217;270
217;279
218;204
218;148
219;148
219;47
219;139
219;204
220;118
220;139
220;148
220;195
220;204
221;148
221;199
222;5
222;93
223;148
224;138
224;148
224;199
224;204
224;236
227;131
227;134
227;148
227;204
228;204
228;37
228;65
228;92
228;118
228;148
228;219
228;236
228;252
228;253
229;92
229;105
229;118
229;139
229;141
229;148
229;192
229;204
229;294
230;93
230;270
231;148
231;204
232;148
232;75
233;204
233;148
233;37
233;55
233;155
233;218
233;236
233;261
234;139
234;47
234;131
234;148
234;158
234;204
235;139
235;47
235;131
235;148
235;158
235;204
238;78
238;129
238;148
238;202
238;204
239;148
239;204
239;37
239;118
239;236
239;261
241;79
241;87
241;112
241;187
241;220
241;277
242;148
242;204
243;204
243;32
243;148
244;40
244;41
244;67
244;218
244;271
244;286
246;40
246;44
246;64
247;33
248;24
248;58
248;172
248;183
248;227
249;266
250;104
250;142
250;294
251;55
251;70
251;143
251;148
251;169
251;199
251;204
252;44
252;64
252;73
252;129
254;148
254;274
255;204
255;55
255;143
255;148
255;185
257;148
258;148
260;148
260;141
260;155
260;204
262;204
262;148
262;37
263;148
263;19
263;37
263;204
264;56
264;165
264;218
265;148
265;199
265;202
265;204
265;261
266;55
266;148
268;148
268;19
268;37
268;55
268;119
268;121
268;141
268;169
268;204
269;148
269;55
269;199
269;204
269;139
271;267
272;34
272;37
272;69
272;121
272;131
272;138
272;139
272;141
272;148
272;174
272;199
272;200
273;2
273;76
273;190
273;304
275;55
275;75
275;84
275;139
275;148
275;204
276;141
276;199
276;204
276;207
276;233
277;148
277;204
278;148
278;204
279;129
279;148
279;139
279;195
279;233
280;204
281;139
281;148
281;131
281;158
281;204
282;148
282;294
283;118
283;148
283;204
283;238
284;55
284;86
284;106
284;122
284;126
284;148
284;149
284;204
285;204
285;148
285;55
285;199
285;261
286;148
286;304
287;73
287;148
287;204
288;67
289;100
289;118
289;155
290;204
290;148
290;13
290;30
290;33
290;40
290;41
290;44
290;88
290;116
290;134
290;143
290;155
290;169
290;234
290;253
290;271
290;304
291;56
291;167
293;294
293;148
294;129
294;132
294;141
294;148
294;158
294;199
294;233
295;92
295;148
295;172
297;65
297;118
297;148
297;204
297;236
299;55
299;131
299;148
300;55
300;86
300;106
300;121
300;122
300;131
300;148
300;149
300;195
301;148
301;204
301;55
301;69
301;121
301;134
301;139
301;141
301;199
301;200
302;204
302;1
302;37
302;70
302;148
302;180
302;199
302;205
302;236
303;168
304;100
304;133
305;37
305;42
305;65
305;118
305;131
305;148
305;204
305;234
305;236
306;77
306;83
306;148
306;218
306;276
306;304
306;204
307;118
307;148
307;204
308;40
308;41
308;56
308;165
308;191
308;218
308;271
308;275
308;276
308;286
308;304
310;55
310;204
310;139
310;148
312;118
312;148
312;204
314;79
314;218
314;276
315;185
315;204
317;118
317;25
317;121
317;148
317;204
318;294
318;118
318;139
318;148
318;195
318;204
319;40
319;41
319;62
319;83
319;168
319;218
319;271
319;275
319;276
319;286
321;148
323;37
323;65
323;118
323;129
323;143
323;148
323;199
323;204
323;219
325;204
325;148
326;118
326;270
327;45
327;46
327;100
327;155
327;231
327;204
328;121
328;129
328;148
328;204
331;204
332;131
333;148
333;204
333;73
334;93
334;118
334;148
334;238
334;294
335;46
335;100
335;165
336;170
337;55
337;126
337;129
337;148
337;169
337;204
339;19
339;37
339;79
339;147
339;148
339;180
339;199
339;204
339;230
340;55
342;15
342;129
342;138
342;148
342;174
343;148
344;55
344;131
344;139
344;148
344;204
345;19
345;37
345;138
345;148
345;204
347;55
347;148
347;69
347;131
347;139
348;101
348;110
348;168
348;229
348;257
349;165
350;80
352;2
352;40
352;41
352;55
352;76
352;271
353;4
353;160
355;204
356;148
356;34
356;55
356;131
356;143
356;155
356;204
356;219
356;221
357;118
357;148
357;1
357;37
357;42
357;55
357;65
357;204
357;219
357;236
358;204
358;148
359;139
359;47
359;118
359;148
359;218
360;148
360;19
360;37
360;53
360;82
360;138
360;147
360;180
360;199
360;204
360;236
360;252
360;270
360;290
361;148
361;15
361;69
361;78
361;131
361;138
361;139
361;174
361;221
364;204
364;55
364;69
364;92
364;118
364;131
364;139
364;148
364;192
364;195
364;238
365;59
365;64
365;232
366;25
366;73
366;139
366;148
366;204
367;86
367;106
367;121
367;122
367;131
367;148
367;149
367;204
368;148
368;55
368;92
368;143
368;194
368;204
369;118
369;192
369;270
370;105
370;118
370;139
370;148
370;192
370;195
370;199
370;204
370;238
371;205
371;279
373;25
373;55
373;69
373;78
373;131
373;139
373;148
373;158
373;204
373;219
373;238
374;2
374;62
374;133
374;170
374;187
374;190
374;304
375;34
375;93
375;148
375;294
376;11
376;55
376;125
376;148
376;218
376;274
377;4
377;31
377;62
377;79
377;218
378;204
379;148
379;37
379;70
379;95
379;143
379;169
379;204
381;139
381;148
381;204
381;259
383;118
383;139
383;141
383;148
383;204
384;69
384;80
384;131
384;139
384;148
384;236
384;294
384;204
385;80
385;87
385;220
385;299
385;303
386;56
386;118
386;139
386;218
386;204
387;17
388;5
388;129
389;55
389;69
389;118
389;131
389;138
389;143
389;148
389;174
389;204
389;219
389;238
390;146
390;176
390;278
390;288
390;289
391;301
393;148
393;204
393;13
393;19
393;37
393;55
393;70
393;121
393;131
393;139
393;169
393;219
393;261
394;148
394;37
394;88
394;143
394;158
394;204
394;236
395;204
395;134
395;148
396;304
397;304
398;139
398;47
398;148
398;204
399;32
399;148
400;294
401;148
401;37
401;42
401;65
401;118
401;204
402;133
404;139
404;148
405;148
405;204
407;204
407;55
407;68
407;148
407;218
407;261
407;294
408;55
408;148
408;204
409;55
409;131
409;221
410;118
411;25
411;55
411;131
411;139
411;148
411;158
411;199
411;204
411;302
411;304
412;84
412;119
412;148
412;199
413;32
413;141
413;148
413;199
414;55
414;148
415;304
416;32
416;34
416;40
416;41
416;55
416;80
416;271
416;304
417;204
417;40
417;41
417;43
417;44
417;64
417;70
417;148
417;270
417;271
418;11
418;125
419;55
419;199
420;172
420;83
421;139
421;148
421;204
421;279
422;55
423;55
423;59
423;148
423;204
423;304
425;40
425;41
425;55
425;121
425;139
425;158
425;178
425;199
425;204
425;248
425;261
425;271
426;148
426;204
427;199
427;19
427;32
427;37
427;53
427;65
427;236
428;55
428;148
428;199
428;204
428;261
429;32
430;113
430;139
430;148
430;234
430;279
434;55
434;126
434;148
434;204
436;148
436;40
436;41
436;204
436;261
436;271
441;139
442;199
442;141
442;148
442;204
443;55
443;148
443;81
443;131
443;199
443;204
445;178
445;304
446;139
446;148
446;216
446;204
447;34
447;294
447;304
448;138
448;139
448;148
448;270
449;204
449;55
449;148
450;301
453;55
453;148
454;139
454;140
454;148
454;204
459;204
459;25
459;40
459;43
459;44
459;64
459;70
459;71
459;99
459;121
459;139
459;148
459;178
459;218
459;250
459;261
459;270
460;55
460;148
462;40
462;41
462;44
462;271
463;59
463;232
463;304
464;302
465;148
465;294
466;50
467;11
467;125
468;148
468;40
468;41
468;204
468;271
469;55
469;143
469;148
469;199
469;294
469;204
471;178
471;304
472;204
472;148
473;204
474;55
474;140
474;199
474;204
475;11
475;125
476;32
476;199
477;204
477;55
477;148
480;55
480;148
480;199
481;214
482;139
486;237
487;67
488;148
489;148
490;204
491;141
491;148
491;199
491;207
491;233
492;55
492;67
493;86
493;148
495;199
495;207
495;233
497;193
499;55
500;141
501;148
501;55
502;17
502;32
505;27
505;40
505;67
508;148
508;245
509;81
509;140
509;199
510;139
510;148
510;204
510;263
510;279
512;118
513;40
513;41
513;204
513;271
514;118
514;214
519;204
519;32
520;199
520;148
522;199
522;148
523;11
523;125
524;199
525;304
526;62
526;79
526;218
527;62
528;204
530;118
533;32
533;55
533;148
533;204
534;69
535;55
537;139
539;139
540;148
540;204
542;131
542;55
542;221
542;248
543;148
544;32
545;141
545;148
545;199
550;237
552;7
552;38
552;147
552;148
552;199
552;204
552;276
552;294
553;148
553;199
554;102
554;204
555;199
556;32
556;199
557;31
558;148
559;131
559;148
560;148
560;119
560;131
560;199
560;221
560;274
561;131
561;148
562;139
562;148
563;199
564;11
564;32
564;125
566;40
566;41
566;44
566;271
568;148
569;46
570;136
570;241
572;148
572;204
573;172
575;304
577;302
578;148
582;40
582;41
582;148
582;271
583;55
585;268
586;148
587;161
589;118
590;139
590;148
591;55
591;131
591;148
591;199
591;274
592;32
592;135
592;208
592;274
592;302
594;199
594;119
594;145
594;148
594;204
595;32
595;131
595;221
596;118
596;32
596;148
597;139
597;148
598;218
599;91
599;239
600;148
601;32
602;55
602;67
602;139
602;148
604;119
604;148
606;204
606;148
607;204
608;204
609;232
609;287
610;199
610;204
610;148
611;274
612;148
612;199
613;178
614;148
617;148
618;40
619;199
620;75
620;84
620;129
620;131
621;50
622;274
623;139
623;148
624;55
624;139
625;62
625;160
625;168
625;304
628;141
630;55
630;148
630;204
631;55
631;148
632;199
633;69
634;148
634;204
635;131
635;113
636;139
636;148
637;119
637;126
637;148
637;199
638;139
638;148
639;204
639;42
639;65
639;131
639;148
639;219
640;204
640;148
640;199
641;129
641;148
642;148
643;181
644;148
646;9
646;65
646;141
646;199
647;148
648;55
648;131
648;148
649;40
649;41
649;55
649;121
649;139
649;158
649;204
649;221
649;248
649;261
649;271
650;199
651;19
651;37
651;148
651;199
651;204
652;118
653;40
653;99
654;139
654;218
656;204
657;199
657;141
657;207
657;233
658;304
659;11
659;40
659;67
659;125
660;0
660;44
661;55
661;67
661;261
662;118
663;302
665;32
665;218
666;105
666;118
666;139
667;268
668;148
669;105
669;161
670;199
670;204
671;204
672;118
672;131
672;138
672;141
672;148
672;180
672;199
672;221
672;236
673;10
673;74
673;172
675;304
676;204
676;118
676;148
676;105
676;139
676;199
677;199
677;148
678;118
678;11
678;125
681;204
681;148
681;236
682;218
682;139
682;148
682;165
683;287
684;139
684;148
684;19
684;37
684;55
684;131
684;141
684;143
684;199
685;250
686;294
686;27
686;33
686;40
686;41
686;89
686;271
687;250
688;67
688;218
688;40
688;41
688;44
688;64
688;271
689;118
689;32
690;294
690;27
690;33
690;40
690;41
690;89
690;271
691;32
692;146
692;189
692;204
693;250
693;261
694;148
694;304
695;204
695;102
696;129
696;9
696;118
696;148
696;204
696;263
697;32
697;142
697;281
698;204
698;148
699;62
699;79
700;11
700;40
700;67
700;125
701;62
701;218
702;30
702;31
702;38
702;62
702;168
702;204
702;218
702;275
702;276
703;127
704;77
704;87
704;114
704;172
704;232
704;276
704;204
705;172
705;181
705;231
706;98
707;146
708;4
708;58
708;72
708;168
708;189
708;191
708;216
708;258
708;275
708;204
709;83
709;276
710;72
710;114
710;216
710;204
712;210
714;139
714;263
715;34
715;55
715;141
715;199
715;204
715;148
716;234
717;118
718;118
718;218
720;274
720;55
722;131
722;55
724;139
724;148
724;247
724;304
725;267
726;55
726;67
726;274
727;304
729;118
729;32
729;218
730;148
731;304
731;232
733;148
737;40
737;41
737;55
737;158
737;199
737;204
737;248
737;261
737;271
738;118
738;32
738;93
738;267
739;32
739;80
739;186
739;294
739;304
740;11
740;125
740;32
740;118
740;154
743;113
745;118
748;86
748;148
749;139
749;148
749;204
751;118
752;148
752;204
753;40
753;41
753;148
753;199
753;204
753;271
754;102
754;148
754;204
755;11
755;55
755;125
755;131
755;141
755;148
755;199
756;81
756;140
756;199
757;40
757;41
757;55
757;158
757;199
757;204
757;248
757;261
757;271
758;118
760;40
760;41
760;67
760;271
760;27
761;67
762;32
763;118
764;32
765;148
766;148
766;204
768;148
768;119
768;199
769;148
769;204
770;15
770;148
771;204
771;140
771;148
772;204
772;55
772;139
772;148
773;118
773;32
773;93
773;267
774;118
775;140
776;274
776;11
776;125
777;9
777;11
777;125
777;139
777;148
777;204
777;263
778;148
778;200
778;218
779;25
779;92
779;148
779;199
780;204
781;148
782;148
783;55
783;67
783;148
784;118
786;139
787;118
787;32
787;148
787;204
788;91
788;239
789;148
789;104
789;142
789;204
790;204
791;139
791;140
791;148
792;55
792;204
793;139
794;32
796;148
797;148
798;113
798;131
799;204
800;139
800;148
800;200
802;199
802;141
802;148
802;204
805;148
805;245
806;8
806;108
807;40
807;41
807;67
807;77
807;79
807;98
807;100
807;165
807;218
807;271
807;275
807;276
808;189
808;300
809;148
809;68
809;204
810;204
810;218
811;294
812;113
812;131
813;148
813;204
813;119
814;148
815;148
817;148
817;204
817;236
818;148
818;204
818;236
818;252
820;148
820;233
821;131
821;138
821;148
821;221
821;236
822;193
823;129
823;233
824;129
824;233
825;55
825;148
827;204
827;19
827;37
827;148
827;169
827;180
830;268
831;148
832;148
833;148
833;40
833;41
833;271
834;180
834;189
834;218
834;204
835;148
836;234
837;139
839;234
840;204
840;234
841;177
842;204
842;263
844;263
845;139
846;232
846;287
847;55
847;148
848;199
848;141
848;204
849;199
849;141
850;199
850;233
851;199
851;233
852;186
852;217
852;239
852;204
853;204
853;148
854;204
856;148
856;55
857;148
857;141
857;199
858;148
858;141
858;199
859;102
860;148
860;86
861;204
861;119
862;148
863;91
863;239
864;148
865;204
865;231
865;242
867;148
867;183
868;274
870;9
870;65
873;148
873;204
873;274
874;79
874;80
875;55
875;80
875;148
877;199
878;148
879;88
879;148
879;204
881;148
881;218
881;204
882;148
882;55
882;80
882;199
883;148
883;55
883;80
883;199
884;204
884;55
884;148
886;55
886;204
886;40
886;41
886;271
886;148
887;199
887;140
887;148
888;55
888;121
888;131
888;148
888;199
889;55
890;204
890;102
891;148
891;32
891;204
893;55
893;103
893;131
894;131
894;55
895;148
897;302
899;139
899;204
899;219
900;139
900;140
900;148
900;204
901;139
901;140
901;204
901;234
901;148
902;139
902;11
902;125
902;148
903;139
904;98
904;109
904;110
904;114
904;172
904;179
904;218
904;220
904;229
904;231
904;242
904;276
905;11
905;125
907;4
907;7
907;46
907;165
907;168
907;170
907;187
907;231
907;304
908;232
908;302
908;304
909;304
909;148
909;232
909;302
910;204
910;62
912;148
912;204
913;304
913;2
913;190
914;148
915;3
915;90
915;101
915;128
915;160
915;173
916;17
916;148
918;118
918;160
920;148
921;148
921;204
922;148
923;148
924;148
924;204
926;91
926;302
927;204
930;304
931;58
931;62
931;79
931;275
932;79
933;178
934;204
935;40
935;41
935;121
935;204
935;261
935;271
936;304
937;79
938;204
939;129
939;233
940;129
941;165
942;132
944;304
946;23
946;75
946;129
946;132
946;148
947;87
948;75
948;84
948;129
948;131
948;132
948;148
948;221
949;131
949;148
950;204
951;304
952;118
953;129
953;204
953;221
953;304
954;40
954;41
954;55
954;79
954;148
954;271
954;294
955;40
955;41
955;55
955;148
955;186
955;271
955;304
956;190
956;304
957;148
957;204
958;143
958;148
958;304
959;148
960;250
960;261
960;204
962;274
963;217
964;129
964;148
965;55
969;304
970;148
972;129
973;31
974;210
974;240
979;204
979;304
980;304
983;148
986;304
987;62
987;232
988;93
988;118
988;148
989;118
989;148
989;204
990;118
991;11
991;40
991;67
991;125
994;240
998;155
999;55
999;131
999;221
999;248
1002;118
1002;204
1003;11
1003;125
1003;172
1007;5
1007;129
1008;108
1009;199
1010;294
1011;118
1011;299
1012;191
1012;285
1013;218
1015;118
1015;32
1016;139
1016;148
1016;204
1017;93
1017;270
1019;204
1019;118
1019;148
1019;139
1019;192
1019;238
1023;172
1025;148
1025;118
1025;204
1026;118
1027;246
1028;11
1028;125
1031;303
1036;22
1037;218
1037;40
1037;41
1037;55
1037;99
1037;168
1037;271
1038;168
1038;232
1040;218
1041;65
1041;103
1041;118
1041;148
1041;204
1041;236
1042;148
1042;204
1043;148
1043;204
1044;22
1044;91
1044;161
1045;62
1046;165
1046;204
1046;224
1046;304
1047;148
1047;204
1047;236
1048;148
1048;204
1048;118
1048;141
1048;236
1049;148
1049;204
1049;118
1049;141
1049;236
1050;148
1051;148
1052;148
1052;204
1053;148
1053;40
1053;41
1053;204
1053;271
1054;148
1054;204
1055;148
1055;204
1056;148
1056;204
1058;204
1058;148
1058;185
1059;148
1059;200
1059;204
1059;218
1060;129
1060;148
1060;78
1060;132
1060;233
1061;129
1061;148
1061;78
1061;132
1061;233
1062;129
1062;148
1062;204
1062;25
1062;233
1065;204
1066;139
1066;148
1066;103
1068;11
1068;40
1068;67
1068;125
1069;118
1070;31
1072;148
1073;234
1074;204
1076;276
1076;304
1078;276
1078;304
1079;64
1079;119
1079;148
1081;118
1084;148
1085;118
1086;302
1088;148
1088;204
1090;301
1093;131
1093;139
1093;148
1094;58
1094;165
1095;131
1097;118
1097;37
1097;65
1097;148
1097;204
1097;219
1098;25
1098;40
1098;41
1098;64
1098;67
1098;199
1098;232
1098;233
1098;271
1099;129
1099;148
1099;215
1099;233
1100;204
1100;129
1100;148
1100;25
1101;148
1101;204
1102;148
1102;174
1102;200
1102;204
1103;8
1103;10
1103;40
1103;41
1103;44
1103;108
1103;162
1103;167
1103;172
1103;198
1103;271
1104;218
1105;148
1105;129
1106;105
1106;118
1106;139
1106;148
1106;195
1107;148
1107;65
1107;118
1107;204
1107;219
1107;236
1108;204
1108;37
1108;65
1108;82
1108;118
1108;148
1108;180
1108;219
1108;236
1109;38
1109;79
1109;148
1109;170
1109;304
1110;148
1110;204
1110;19
1110;37
1110;55
1111;204
1111;118
1111;148
1112;129
1112;148
1112;233
1114;8
1114;108
1114;172
1114;198
1115;31
1115;254
1116;204
1116;148
1117;204
1117;103
1117;139
1117;148
1118;4
1118;83
1118;168
1118;218
1119;8
1119;108
1119;198
1120;118
1121;268
1122;11
1122;32
1122;118
1122;125
1122;154
1123;148
1124;32
1124;218
1126;118
1128;55
1128;131
1128;221
1128;248
1129;118
1131;32
1132;31
1132;215
1133;297
1135;118
1136;11
1136;125
1138;218
1139;8
1139;108
1141;233
1142;118
1142;155
1144;40
1144;41
1144;271
1146;10
1146;11
1146;40
1146;41
1146;44
1146;74
1146;118
1146;125
1146;161
1146;271
1147;11
1147;125
1151;77
1151;276
1153;301
1154;86
1154;139
1154;167
1156;11
1156;125
1157;118
1157;154
1160;204
1160;148
1161;148
1161;204
1162;8
1164;10
1164;74
1166;204
1166;148
1167;11
1167;125
1168;237
1169;148
1177;0
1180;118
1181;11
1181;40
1181;67
1181;125
1183;204
1183;118
1184;40
1184;41
1184;148
1184;271
1187;274
1189;204
1194;5
1194;87
1194;118
1194;215
1194;240
1195;193
1197;118
1197;148
1199;147
1199;232
1200;218
1205;91
1205;239
1208;11
1208;125
1209;45
1209;128
1209;179
1209;232
1209;269
1210;204
1212;11
1212;125
1215;148
1215;204
1216;55
1216;131
1216;148
1217;19
1217;37
1217;95
1217;139
1217;148
1217;199
1217;204
1217;255
1217;279
1218;118
1219;11
1219;125
1220;148
1220;267
1221;204
1221;261
1222;118
1223;294
1224;11
1224;32
1224;118
1224;125
1224;154
1225;55
1225;131
1225;148
1225;199
1226;11
1226;125
1226;135
1226;139
1226;148
1227;34
1227;148
1228;34
1228;139
1228;148
1228;204
1229;55
1231;32
1231;118
1232;139
1232;218
1233;55
1233;274
1236;148
1238;199
1239;23
1239;129
1239;221
1239;294
1239;304
1239;148
1240;19
1240;37
1240;95
1240;139
1240;148
1240;199
1240;204
1240;255
1240;279
1241;32
1241;55
1242;148
1243;55
1243;131
1243;148
1245;267
1246;11
1246;32
1246;118
1246;125
1246;214
1247;9
1247;32
1247;65
1247;139
1247;148
1248;11
1248;125
1249;118
1249;218
1250;25
1250;55
1250;69
1250;70
1250;129
1250;131
1250;132
1250;139
1250;143
1250;148
1250;158
1250;202
1250;204
1250;221
1251;55
1251;88
1251;148
1251;204
1252;218
1252;282
1254;199
1255;139
1257;148
1258;40
1258;41
1258;44
1258;137
1258;271
1259;148
1260;148
1261;214
1263;17
1263;32
1263;80
1264;118
1264;154
1265;32
1265;147
1265;165
1265;231
1265;276
1265;282
1266;118
1266;139
1266;148
1266;202
1266;204
1266;218
1268;139
1268;148
1270;237
1271;93
1272;32
1272;148
1273;148
1274;93
1274;270
1275;11
1275;125
1275;148
1276;34
1276;44
1276;64
1279;11
1279;125
1279;148
1281;32
1281;148
1283;294
1284;17
1284;208
1285;55
1285;118
1287;55
1287;80
1287;148
1287;199
1287;204
1288;208
1289;32
1289;218
1290;32
1290;139
1291;10
1291;74
1292;148
1293;32
1294;259
1295;214
1296;141
1296;145
1296;148
1296;199
1296;204
1297;32
1297;218
1298;11
1298;40
1298;41
1298;64
1298;125
1298;261
1298;271
1299;95
1299;139
1299;255
1300;11
1300;125
1300;267
1301;55
1301;131
1301;148
1302;86
1302;148
1305;139
1305;148
1305;199
1305;204
1305;266
1306;11
1306;125
1308;214
1309;204
1309;118
1309;148
1309;192
1310;140
1310;148
1310;204
1310;139
1311;118
1311;148
1311;219
1311;240
1312;172
1313;40
1313;41
1313;121
1313;148
1313;204
1313;261
1313;271
1314;204
1314;148
1315;8
1315;108
1317;34
1317;40
1317;67
1318;32
1318;118
1319;32
1319;274
1320;40
1320;304
1321;55
1321;65
1321;69
1321;118
1321;131
1321;139
1321;148
1321;174
1321;199
1321;204
1321;236
1321;294
1322;25
1322;32
1322;92
1322;148
1322;199
1323;135
1323;139
1323;148
1324;8
1324;108
1325;148
1325;200
1325;204
1326;148
1326;227
1327;55
1327;131
1328;55
1328;148
1328;204
1329;148
1329;204
1330;11
1330;125
1330;148
1331;118
1332;268
1333;32
1333;148
1333;204
1334;118
1334;199
1334;214
1335;148
1336;148
1337;11
1337;125
1337;135
1337;139
1337;148
1338;297
1339;139
1339;148
1340;55
1340;67
1340;148
1340;204
1341;148
1341;274
1342;141
1342;148
1342;199
1342;207
1342;233
1343;204
1345;302
1346;11
1346;125
1346;148
1347;148
1347;204
1349;40
1349;41
1349;199
1349;204
1349;271
1350;139
1350;140
1350;204
1351;56
1351;165
1351;218
1352;118
1356;79
1356;80
1356;148
1356;304
1357;274
1357;11
1357;55
1357;125
1358;104
1358;142
1358;148
1358;204
1359;32
1359;218
1359;280
1362;50
1363;148
1363;204
1364;148
1365;40
1365;41
1365;148
1365;271
1365;274
1366;79
1366;80
1366;148
1366;294
1366;304
1367;148
1367;204
1368;40
1368;41
1368;55
1368;67
1368;148
1368;271
1369;270
1371;148
1372;148
1374;131
1375;204
1375;148
1375;236
1380;40
1380;41
1380;148
1380;271
1382;218
1383;118
1385;81
1386;118
1387;148
1387;204
1389;139
1389;148
1390;25
1390;199
1390;202
1390;204
1392;148
1392;129
1393;131
1393;141
1393;199
1394;274
1395;118
1397;302
1398;118
1399;118
1399;141
1400;234
1401;199
1402;204
1405;148
1407;148
1409;246
1410;118
1413;139
1413;218
1414;118
1415;174
1416;148
1417;148
1418;139
1418;140
1419;270
1422;11
1422;125
1423;11
1423;125
1425;40
1425;41
1425;271
1426;199
1426;233
1427;279
1428;139
1428;148
1430;148
1430;86
1433;204
1433;55
1433;148
1434;148
1435;204
1435;169
1436;218
1438;148
1439;204
1439;129
1439;148
1439;25
1440;139
1443;139
1444;32
1444;165
1444;277
1445;148
1445;204
1446;118
1447;204
1447;148
1448;148
1449;118
1452;204
1453;218
1453;67
1455;139
1455;204
1457;55
1457;88
1457;204
1459;204
1459;304
1462;204
1462;40
1462;41
1462;55
1462;270
1462;271
1463;141
1463;199
1464;302
1465;199
1465;141
1467;40
1467;41
1467;55
1467;271
1467;287
1469;148
1469;55
1469;194
1469;204
1473;113
1473;148
1475;31
1475;40
1475;41
1475;271
1475;282
1477;75
1477;148
1477;199
1479;148
1480;148
1480;204
1481;204
1482;55
1483;11
1483;125
1484;204
1486;218
1488;131
1489;40
1489;67
1489;100
1489;118
1490;10
1490;202
1490;204
1495;233
1499;294
1500;177
1501;8
1502;237
1503;11
1503;125
1505;42
1505;65
1505;204
1505;236
1507;148
1507;210
1509;32
1511;32
1511;218
1515;25
1516;148
1517;139
1517;148
1517;204
1519;126
1519;148
1522;31
1523;148
1523;119
1525;218
1526;70
1527;19
1527;37
1527;141
1527;148
1527;199
1527;204
1528;86
1528;139
1528;167
1529;40
1529;67
1531;204
1531;259
1532;148
1535;234
1535;139
1537;118
1537;148
1537;294
1538;139
1539;148
1540;148
1540;32
1540;70
1540;204
1543;205
1545;204
1545;55
1546;148
1551;15
1551;148
1553;2
1553;27
1553;190
1553;304
1558;32
1561;118
1561;155
1563;148
1563;180
1563;204
1563;236
1565;148
1565;204
1565;15
1565;55
1565;65
1565;70
1565;118
1565;139
1565;141
1565;199
1565;200
1565;236
1566;89
1566;148
1571;204
1571;55
1572;148
1575;118
1576;139
1578;118
1579;11
1579;32
1579;118
1579;125
1579;154
1581;218
1581;139
1582;37
1582;82
1582;92
1582;141
1582;148
1582;180
1582;199
1584;147
1585;294
1585;55
1585;67
1585;118
1586;204
1586;148
1588;131
1589;11
1589;40
1589;67
1589;125
1592;86
1593;118
1593;154
1595;204
1597;304
1598;40
1598;41
1598;148
1598;204
1598;271
1600;118
1602;11
1602;125
1603;148
1604;161
1608;118
1609;169
1609;148
1612;204
1612;148
1613;148
1614;139
1614;140
1617;55
1617;67
1617;148
1617;302
1618;118
1618;299
1618;303
1623;58
1623;165
1624;204
1624;37
1624;65
1624;82
1624;118
1624;148
1624;180
1624;219
1624;236
1626;199
1626;148
1627;139
1627;218
1628;90
1628;100
1629;11
1629;125
1630;188
1632;118
1634;105
1635;32
1635;204
1637;139
1637;148
1638;148
1638;204
1638;55
1640;32
1642;40
1642;67
1642;148
1643;148
1644;147
1644;232
1645;274
1649;131
1651;11
1651;125
1652;148
1652;204
1653;301
1654;50
1656;148
1656;86
1657;55
1658;148
1659;148
1659;204
1660;105
1662;118
1663;32
1663;200
1664;118
1665;139
1665;148
1668;32
1668;40
1668;41
1668;50
1668;271
1669;148
1669;131
1669;139
1670;297
1671;118
1674;204
1675;40
1675;41
1675;55
1675;67
1675;148
1675;271
1680;129
1680;148
1680;233
1682;148
1683;218
1684;118
1685;204
1685;118
1686;55
1686;148
1688;148
1690;139
1691;148
1691;55
1691;78
1691;119
1691;129
1691;131
1691;139
1691;141
1691;143
1691;199
1691;233
1694;204
1694;128
1694;277
1695;17
1695;208
1696;131
1697;148
1700;118
1701;0
1702;165
1702;218
1702;204
1703;139
1703;148
1703;172
1706;118
1706;155
1707;148
1708;11
1708;125
1709;199
1709;204
1710;118
1712;10
1712;74
1714;148
1714;42
1714;65
1714;118
1715;55
1719;136
1719;163
1719;181
1720;200
1722;11
1722;125
1723;38
1724;148
1724;204
1724;274
1725;105
1725;118
1725;139
1725;148
1725;195
1726;139
1726;218
1726;200
1727;148
1727;204
1731;32
1731;148
1732;162
1734;5
1736;55
1736;131
1736;221
1736;248
1737;118
1737;148
1741;128
1741;224
1742;19
1742;37
1742;148
1743;91
1743;239
1744;204
1746;55
1749;58
1749;160
1749;224
1749;229
1749;293
1750;148
1751;171
1751;120
1751;166
1751;273
1751;204
1753;156
1756;24
1756;97
1756;172
1756;186
1756;283
1757;33
1757;43
1757;44
1757;64
1758;36
1758;83
1758;142
1758;157
1758;182
1758;206
1758;276
1761;289
1763;100
1765;93
1767;32
1767;139
1769;274
1769;11
1769;55
1769;125
1769;141
1770;11
1770;125
1770;135
1770;139
1770;148
1774;204
1775;32
1775;100
1776;262
1778;204
1779;55
1779;148
1779;199
1779;204
1780;14
1780;29
1780;136
1780;142
1780;160
1780;163
1780;172
1780;176
1780;197
1780;206
1780;241
1780;281
1780;284
1780;288
1783;100
1787;58
1787;128
1787;160
1787;173
1787;224
1788;32
1791;148
1797;72
1797;110
1797;243
1798;187
1798;224
1800;184
1800;206
1800;281
1803;32
1803;100
1805;97
1805;165
1807;40
1807;41
1807;67
1807;271
1807;34
1808;88
1808;118
1809;128
1811;148
1811;139
1812;11
1812;32
1812;118
1812;125
1812;214
1813;100
1813;258
1814;32
1815;276
1818;269
1819;148
1820;36
1822;3
1823;163
1823;176
1823;284
1823;288
1824;148
1825;33
1825;43
1825;44
1825;64
1826;253
1826;204
1828;97
1828;277
1828;280
1830;118
1830;142
1830;148
1832;118
1832;206
1832;278
1832;281
1834;29
1834;77
1834;83
1834;176
1834;182
1834;276
1834;288
1834;297
1835;148
1836;148
1838;34
1838;139
1838;148
1838;204
1841;148
1841;142
1841;204
1843;148
1843;139
1848;36
1848;83
1848;157
1848;182
1848;276
1851;110
1851;231
1852;4
1852;90
1852;109
1852;216
1853;69
1853;86
1853;139
1853;148
1853;200
1853;204
1854;40
1854;41
1854;44
1854;129
1854;271
1855;274
1855;32
1856;32
1857;32
1857;100
1857;133
1860;157
1861;204
1864;104
1864;157
1864;163
1864;184
1864;283
1866;98
1866;136
1866;241
1867;110
1868;32
1870;172
1870;181
1870;204
1871;199
1871;32
1871;141
1871;148
1872;148
1872;199
1872;279
1875;58
1875;212
1875;229
1875;231
1876;163
1876;176
1876;232
1876;284
1876;288
1876;289
1880;204
1880;119
1881;93
1881;270
1886;111
1891;32
1892;148
1892;194
1892;199
1892;204
1894;32
1894;148
1895;32
1895;148
1896;32
1896;304
1897;118
1903;139
1903;148
1903;204
1905;141
1905;148
1905;199
1906;34
1906;40
1906;41
1906;55
1906;80
1906;129
1906;148
1906;186
1906;221
1906;271
1907;148
1907;40
1907;41
1907;68
1907;204
1907;271
1908;152
1909;55
1909;131
1909;148
1909;199
1909;274
1910;60
1912;142
1912;206
1913;279
1914;11
1914;125
1915;29
1915;136
1915;160
1915;172
1915;281
1915;298
1919;171
1919;273
1923;148
1923;200
1923;204
1924;11
1924;125
1924;148
1926;204
1926;102
1926;148
1928;7
1928;30
1928;257
1928;292
1928;304
1929;160
1929;179
1929;229
1929;231
1929;298
1933;93
1934;28
1934;273
1939;173
1939;183
1940;72
1940;110
1940;243
1940;246
1941;148
1941;204
1941;294
1943;58
1943;128
1943;183
1944;148
1946;100
1947;98
1947;168
1947;181
1951;93
1956;100
1958;100
1958;133
1958;168
1958;277
1958;204
1959;100
1961;48
1961;179
1962;226
1962;148
1963;120
1967;148
1968;32
1968;299
1968;303
1969;139
1969;148
1969;274
1970;114
1970;231
1970;285
1970;304
1971;100
1972;100
1974;100
1974;204
1975;156
1976;24
1976;88
1976;142
1976;172
1976;184
1977;120
1977;188
1977;272
1978;148
1978;204
1979;32
1979;199
1980;131
1980;32
1982;24
1982;142
1983;118
1984;27
1984;31
1984;36
1984;79
1984;86
1984;142
1984;184
1984;206
1984;148
1986;93
1986;159
1988;100
1988;204
1991;79
1991;80
1991;294
1992;25
1992;32
1992;92
1992;148
1992;199
1992;204
1993;40
1993;41
1993;204
1993;261
1993;271
1994;72
1994;110
1994;230
1994;243
1994;304
1996;118
1996;148
1997;118
1999;88
1999;168
2002;95
2002;139
2002;255
2003;155
2006;11
2006;125
2007;110
2007;160
2007;242
2008;48
2009;36
2009;83
2009;157
2009;276
2010;148
2010;204
2011;148
2011;204
2014;60
2014;144
2017;120
2017;272
2018;118
2022;105
2024;32
2024;139
2026;182
2027;142
2028;204
2029;139
2030;48
2030;144
2035;148
2035;34
2035;55
2035;69
2035;131
2035;138
2035;139
2035;141
2035;174
2035;200
2035;204
2036;39
2036;228
2040;235
2040;204
2041;17
2041;32
2042;32
2042;58
2042;160
2042;165
2042;179
2042;204
2042;224
2042;277
2042;304
2044;172
2044;204
2045;157
2045;172
2045;182
2046;148
2046;139
2046;199
2046;204
2046;266
2047;160
2047;183
2048;7
2048;82
2048;102
2051;249
2053;148
2054;171
2054;166
2054;273
2055;32
2055;100
2055;185
2057;25
2057;55
2057;69
2057;70
2057;129
2057;131
2057;132
2057;139
2057;143
2057;148
2057;158
2057;202
2057;204
2057;221
2059;72
2059;110
2059;189
2059;269
2060;247
2061;58
2061;72
2061;110
2061;231
2061;243
2065;15
2065;148
2066;172
2066;24
2068;148
2068;138
2068;204
2069;176
2069;288
2069;289
2074;214
2075;93
2075;159
2077;11
2077;125
2078;46
2078;58
2078;165
2078;216
2078;224
2078;258
2079;19
2079;37
2079;95
2079;139
2079;148
2079;199
2079;204
2079;255
2079;279
2080;75
2080;84
2080;131
2080;221
2081;148
2081;204
2081;206
2083;204
2085;98
2085;241
2086;141
2086;145
2086;148
2086;199
2086;204
2090;11
2090;125
2090;148
2091;199
2091;141
2091;148
2091;204
2092;58
2092;183
2094;88
2094;170
2094;253
2095;144
2096;118
2096;294
2097;204
2097;40
2097;41
2097;55
2097;121
2097;139
2097;158
2097;248
2097;261
2097;271
2101;204
2101;172
2101;184
2102;141
2102;148
2102;199
2104;42
2105;199
2106;204
2107;272
2111;32
2111;100
2112;36
2113;148
2113;139
2113;199
2113;204
2113;274
2113;294
2119;172
2119;247
2119;276
2119;304
2122;89
2123;83
2123;147
2123;182
2123;276
2124;139
2124;140
2124;204
2125;144
2125;226
2126;186
2127;204
2127;304
2128;136
2129;136
2129;241
2130;136
2131;36
2131;128
2132;292
2133;226
2133;244
2134;148
2134;139
2134;199
2136;17
2136;148
2136;204
2139;94
2140;228
2143;148
2143;32
2144;289
2145;148
2145;287
2146;160
2148;294
2151;55
2152;76
2153;148
2153;17
2153;40
2153;67
2156;100
2157;87
2158;55
2158;131
2158;148
2158;199
2163;4
2163;45
2163;58
2163;90
2163;109
2163;128
2163;160
2163;165
2163;179
2163;212
2163;216
2163;224
2163;229
2163;231
2163;242
2163;258
2163;269
2163;276
2163;286
2164;204
2164;148
2166;32
2166;279
2170;55
2171;182
2171;276
2172;110
2172;276
2174;55
2174;199
2175;83
2175;142
2175;184
2175;276
2175;281
2178;12
2184;204
2185;160
2185;181
2185;184
2186;58
2186;183
2186;231
2187;172
2187;24
2187;285
2189;160
2190;94
2191;130
2191;171
2191;188
2191;196
2191;272
2191;273
2192;36
2194;148
2196;110
2196;173
2196;229
2196;257
2196;277
2197;139
2198;139
2198;148
2198;204
2199;118
2199;148
2199;204
2200;118
2200;148
2200;65
2200;131
2200;195
2200;204
2200;219
2201;115
2201;155
2201;175
2201;225
2201;278
2201;292
2201;304
2201;204
2202;55
2202;131
2202;148
2203;32
2203;118
2206;93
2206;152
2207;166
2207;171
2209;199
2209;141
2209;148
2209;207
2209;233
2212;171
2212;120
2212;166
2212;273
2212;204
2215;36
2215;83
2215;142
2215;157
2215;182
2215;206
2215;276
2218;181
2219;93
2221;96
2225;107
2225;157
2225;276
2227;182
2228;139
2228;148
2229;139
2230;98
2230;181
2232;287
2234;32
2236;48
2238;274
2238;11
2238;55
2238;125
2238;218
2239;279
2240;32
2242;11
2242;32
2242;125
2243;214
2245;103
2245;204
2245;304
2248;218
2249;135
2250;274
2250;11
2250;55
2250;125
2250;141
2251;50
2254;70
2255;55
2255;67
2255;148
2257;172
2257;58
2257;109
2258;55
2258;131
2258;148
2260;144
2261;39
2261;228
2262;32
2265;148
2265;32
2270;100
2274;32
2274;55
2274;89
2274;95
2274;119
2274;129
2274;139
2274;148
2274;169
2274;199
2274;255
2276;100
2278;93
2281;100
2282;110
2282;230
2282;257
2283;100
2283;204
2287;118
2287;32
2287;199
2288;278
2294;182
2296;142
2296;146
2296;189
2297;24
2297;36
2297;181
2297;191
2297;276
2297;277
2297;289
2299;120
2299;166
2299;171
2299;188
2299;272
2299;273
2300;32
2301;142
2301;206
2302;241
2305;182
2306;118
2306;298
2307;100
2308;227
2309;227
2311;55
2311;204
2311;139
2311;148
2315;100
2317;172
2317;241
2322;118
2322;148
2322;202
2322;204
2323;135
2323;148
2323;302
2324;115
2324;155
2324;175
2324;225
2324;278
2324;292
2324;304
2324;204
2325;171
2326;148
2326;17
2326;40
2326;67
2327;148
2327;204
2328;135
2329;92
2330;296
2331;55
2331;131
2331;221
2332;32
2334;29
2334;172
2334;176
2334;288
2334;204
2335;142
2335;197
2336;118
2337;204
2337;148
2339;100
2339;204
2342;40
2342;41
2342;55
2342;121
2342;139
2342;158
2342;204
2342;221
2342;248
2342;261
2342;271
2343;279
2346;40
2346;41
2346;64
2346;271
2347;100
2350;119
2350;254
2352;136
2352;160
2352;184
2353;170
2353;187
2353;230
2353;277
2353;304
2359;32
2359;36
2359;104
2359;119
2359;254
2362;29
2362;176
2362;288
2362;289
2362;297
2363;298
2363;204
2365;39
2365;228
2366;36
2366;172
2367;0
2367;32
2368;148
2368;204
2369;83
2369;97
2369;110
2369;184
2369;276
2370;224
2374;241
2376;58
2376;110
2376;160
2376;224
2376;247
2379;185
2381;148
2382;274
2385;294
2386;287
2388;204
2390;32
2391;204
2394;142
2394;183
2394;184
2394;197
2394;224
2394;242
2394;285
2395;148
2395;32
2395;113
2395;119
2395;139
2395;169
2395;204
2395;274
2395;294
2396;227
2397;55
2397;81
2397;95
2397;119
2397;129
2397;139
2397;169
2397;199
2397;255
2397;148
2398;267
2398;287
2399;0
2399;44
2401;204
2401;148
2402;11
2402;125
2402;148
2407;88
2407;172
2407;197
2410;204
2411;14
2411;24
2411;31
2411;97
2411;136
2411;163
2411;181
2411;247
2411;285
2413;148
2413;32
2413;204
2414;274
2414;9
2414;65
2414;139
2414;141
2414;145
2414;148
2414;199
2414;204
2414;218
2415;204
2416;40
2416;41
2416;271
2416;44
2416;64
2416;67
2417;219
2418;181
2418;183
2418;242
2419;89
2420;104
2421;32
2421;193
2422;148
2422;119
2423;100
2425;32
2425;193
2426;120
2427;58
2427;110
2427;257
2429;60
2429;249
2431;272
2432;141
2432;148
2432;199
2432;207
2434;130
2434;188
2436;40
2436;41
2436;148
2436;271
2437;139
2437;19
2437;37
2437;199
2437;204
2438;279
2439;172
2439;24
2439;29
2439;88
2439;176
2439;284
2439;288
2439;289
2439;204
2441;34
2442;199
2442;148
2445;199
2448;204
2448;55
2448;139
2448;148
2451;182
2451;206
2451;253
2452;172
2452;88
2454;136
2454;142
2454;148
2454;204
2455;39
2457;293
2459;244
2461;172
2462;3
2462;4
2462;45
2462;46
2462;58
2462;90
2462;109
2462;128
2462;160
2462;165
2462;179
2462;183
2462;212
2462;216
2462;224
2462;231
2462;242
2462;258
2462;269
2464;34
2464;55
2464;93
2464;100
2464;294
2465;118
2465;32
2465;148
2465;204
2466;148
2469;24
2469;36
2469;83
2469;136
2469;293
2469;297
2470;58
2470;160
2470;224
2470;229
2470;293
2473;118
2473;199
2473;214
2475;148
2479;96
2480;249
2482;148
2482;245
2484;32
2486;118
2486;142
2486;148
2487;270
2488;3
2488;4
2488;90
2488;128
2488;160
2488;183
2488;212
2488;229
2488;231
2488;242
2488;258
2488;269
2488;304
2494;39
2495;83
2495;172
2495;276
2498;299
2499;296
2500;276
2501;118
2501;32
2503;160
2504;148
2504;204
2505;58
2505;110
2505;128
2505;160
2505;224
2505;277
2506;27
2506;93
2506;100
2506;266
2507;11
2507;125
2508;148
2508;32
2508;139
2508;204
2509;100
2511;279
2513;40
2513;41
2513;271
2514;92
2514;148
2514;194
2514;199
2515;40
2515;41
2515;271
2515;280
2515;286
2517;55
2517;204
2521;291
2524;118
2525;237
2528;148
2529;296
2530;181
2530;254
2531;148
2531;55
2531;80
2531;199
2531;204
2534;97
2534;277
2534;280
2535;148
2535;294
2535;304
2538;86
2538;118
2538;139
2538;148
2538;274
2539;14
2539;29
2539;136
2539;142
2539;160
2539;163
2539;172
2539;176
2539;197
2539;206
2539;241
2539;281
2539;284
2539;288
2540;204
2541;24
2541;97
2541;172
2541;186
2541;283
2542;100
2543;63
2544;148
2545;96
2547;17
2548;204
2550;171
2551;55
2551;143
2551;148
2551;155
2552;32
2552;93
2553;148
2553;199
2553;204
2554;100
2556;100
2558;32
2559;96
2560;139
2562;12
2562;110
2562;257
2563;204
2565;91
2565;216
2566;24
2567;17
2567;208
2568;172
2568;185
2569;55
2569;131
2569;148
2570;148
2571;118
2572;226
2573;226
2573;296
2574;90
2574;231
2576;14
2576;160
2576;289
2581;14
2583;9
2583;11
2583;19
2583;37
2583;125
2583;139
2583;148
2583;204
2583;263
2584;88
2584;93
2584;118
2584;253
2584;299
2585;11
2585;125
2585;148
2586;269
2587;253
2588;39
2588;60
2588;114
2588;144
2589;244
2589;249
2590;32
2592;55
2592;81
2592;119
2592;129
2592;148
2592;169
2592;199
2593;40
2593;41
2593;271
2593;276
2594;279
2595;0
2595;32
2600;19
2600;37
2600;139
2600;148
2600;199
2600;204
2605;181
2606;14
2606;36
2606;77
2606;146
2606;182
2609;171
2610;112
2610;190
2610;304
2619;139
2619;140
2619;148
2620;228
2622;220
2623;32
2624;48
2624;96
2625;55
2625;131
2625;199
2627;219
2627;296
2628;139
2629;32
2629;80
2632;55
2632;131
2632;148
2637;36
2637;89
2638;32
2638;96
2639;93
2639;299
2644;55
2644;67
2646;118
2647;276
2648;182
2648;227
2649;100
2650;120
2653;118
2655;60
2655;144
2657;55
2657;148
2658;148
2658;32
2658;40
2658;41
2658;271
2658;274
2659;12
2659;32
2660;27
2662;148
2662;204
2662;19
2662;25
2662;37
2662;129
2662;139
2662;219
2663;148
2663;204
2663;19
2663;25
2663;37
2663;129
2663;139
2663;219
2665;32
2666;119
2666;148
2666;199
2666;204
2667;101
2667;110
2667;220
2672;92
2672;139
2672;148
2672;195
2672;204
2672;236
2673;250
2673;261
2674;32
2675;144
2675;249
2676;55
2676;131
2676;143
2676;148
2676;199
2677;171
2677;28
2677;120
2681;58
2681;110
2681;160
2681;224
2682;24
2683;204
2684;120
2685;45
2685;90
2685;128
2685;160
2685;165
2685;212
2685;224
2685;242
2686;139
2686;148
2690;100
2691;10
2691;74
2694;17
2694;32
2694;80
2695;204
2697;110
2697;142
2697;160
2697;183
2697;231
2697;242
2697;247
2697;281
2698;191
2698;275
2699;32
2699;281
2702;148
2703;172
2705;226
2705;148
2706;148
2706;199
2706;204
2708;48
2709;204
2709;172
2709;184
2710;148
2710;139
2710;199
2710;204
2710;266
2711;32
2711;100
2712;39
2712;244
2713;9
2713;11
2713;19
2713;37
2713;125
2713;139
2713;148
2713;204
2713;263
2714;4
2714;90
2714;109
2714;216
2717;160
2717;179
2717;229
2717;231
2717;298
2718;299
2719;28
2719;273
2720;36
2720;128
2721;250
2721;261
2722;32
2722;304
2723;120
2725;173
2725;183
2726;204
2726;119
2728;96
2729;118
2729;199
2729;214
2730;294
2730;32
2730;92
2736;296
2738;204
2739;32
2740;94
2741;262
2744;118
2744;148
2744;65
2744;131
2744;195
2744;204
2744;219
2745;77
2745;83
2745;136
2745;157
2745;276
2746;19
2746;37
2746;95
2746;139
2746;148
2746;199
2746;204
2746;255
2746;279
2747;144
2747;249
2748;148
2750;104
2751;100
2752;148
2752;199
2752;204
2753;100
2754;148
2754;55
2754;67
2754;204
2755;27
2755;93
2755;100
2755;266
2756;268
2758;79
2761;304
2762;294
2764;10
2764;74
2764;286
2765;304
2766;139
2766;112
2768;40
2768;41
2768;199
2768;204
2768;271
2768;118
2770;11
2770;125
2770;148
2771;10
2772;304
2772;147
2772;160
2773;148
2773;204
2773;112
2773;131
2773;185
2774;129
2774;148
2774;204
2775;277
2776;147
2776;304
2778;148
2781;11
2781;125
2782;31
2783;11
2783;125
2784;139
2784;9
2784;199
2785;55
2785;131
2785;148
2786;148
2786;40
2786;41
2786;204
2786;271
2787;232
2788;138
2791;139
2793;178
2794;139
2796;11
2796;125
2798;139
2798;140
2799;222
2799;246
2800;148
2800;139
2800;204
2800;236
2801;234
2805;141
2805;199
2806;303
2807;131
2808;139
2808;204
2808;47
2808;148
2809;232
2810;148
2810;204
2811;55
2811;148
2812;11
2812;125
2813;204
2813;231
2813;304
2814;168
2814;204
2815;32
2815;218
2817;304
2818;191
2820;8
2820;108
2821;148
2821;204
2822;11
2822;55
2822;118
2822;125
2825;139
2825;218
2826;118
2828;139
2828;204
2829;170
2829;231
2830;170
2830;187
2830;230
2830;277
2830;288
2830;304
2830;204
2831;148
2832;148
2832;204
2832;250
2833;214
2834;148
2834;204
2837;134
2837;218
2839;204
2840;246
2841;79
2844;139
2844;148
2844;218
2845;91
2846;131
2846;204
2847;55
2847;204
2847;148
2848;259
2850;139
2850;234
2851;79
2851;101
2851;180
2851;187
2851;190
2851;304
2851;204
2853;10
2853;40
2853;41
2853;55
2853;218
2853;271
2854;204
2854;233
2855;148
2855;121
2858;280
2859;246
2860;148
2862;55
2862;204
2862;148
2864;118
2864;11
2864;125
2865;7
2865;277
2866;148
2866;304
2872;139
2873;118
2873;204
2876;189
2876;300
2877;79
2877;80
2877;148
2878;148
2878;86
2878;118
2880;168
2882;40
2882;41
2882;271
2882;148
2884;172
2885;8
2885;10
2885;97
2885;298
2886;139
2887;148
2888;172
2888;114
2888;146
2888;180
2889;118
2890;118
2893;224
2894;148
2894;204
2894;118
2895;139
2895;148
2896;11
2896;125
2896;274
2897;88
2898;40
2898;41
2898;204
2898;271
2898;304
2899;148
2899;68
2899;204
2902;218
2903;204
2904;14
2904;231
2906;189
2906;204
2906;212
2906;246
2907;204
2908;148
2908;204
2910;304
2910;232
2911;139
2911;148
2911;204
2912;168
2912;204
2914;10
2916;58
2916;83
2916;139
2916;147
2916;168
2916;184
2916;218
2916;275
2916;276
2916;204
2917;118
2917;294
2918;190
2918;304
2919;239
2919;304
2920;204
2921;148
2921;204
2923;282
2925;304
2925;110
2926;11
2926;125
2928;118
2928;32
2928;148
2929;79
2929;276
2930;112
2934;148
2934;204
2935;31
2935;79
2935;289
2936;139
2939;204
2940;148
2940;204
2941;204
2942;274
2943;77
