id_article;date_
0;17/08/2015
1;29/01/2015
2;13/11/2014
3;06/01/2015
4;14/11/2014
5;02/02/2015
6;17/09/2014
7;21/06/2014
8;19/06/2014
9;04/06/2014
10;03/06/2014
11;30/07/2015
12;02/06/2014
13;16/05/2014
14;15/05/2014
15;20/01/2014
16;14/11/2013
17;14/10/2013
18;07/10/2013
19;03/10/2013
20;02/10/2013
21;27/09/2013
22;05/06/2015
23;24/06/2013
24;14/05/2013
25;19/04/2013
26;08/02/2013
27;25/06/2012
28;18/06/2012
29;26/10/2011
30;19/10/2011
31;13/10/2011
32;13/10/2011
33;04/06/2015
34;12/10/2011
35;17/06/2011
36;01/06/2011
37;11/05/2011
38;05/04/2011
39;31/03/2011
40;16/12/2010
41;03/12/2010
42;03/12/2010
43;03/12/2010
44;03/06/2015
45;03/12/2010
46;02/12/2010
47;02/12/2010
48;02/12/2010
49;27/10/2010
50;03/06/2015
51;29/05/2015
52;29/05/2015
53;28/05/2015
54;17/12/2010
55;29/05/2016
56;09/01/2014
57;18/10/2013
58;07/09/2015
59;21/02/2012
60;29/10/2010
61;05/01/2015
62;14/05/2015
63;18/11/2014
64;28/10/2010
65;23/06/2011
66;22/11/2018
67;03/12/2015
68;05/02/2011
69;11/06/2015
70;17/07/2018
71;09/10/2014
72;21/05/2015
73;03/12/2010
74;13/12/2016
75;16/06/2017
76;22/06/2013
77;15/11/2017
78;12/08/2017
79;24/09/2015
80;25/02/2012
81;13/05/2015
82;14/03/2011
83;10/04/2017
84;18/09/2014
85;12/08/2013
86;03/12/2010
87;11/05/2011
88;03/11/2013
89;12/10/2017
90;02/06/2014
91;31/12/2015
92;18/10/2010
93;18/10/2010
94;20/03/2012
95;10/10/2013
96;01/12/2017
97;12/06/2014
98;30/01/2013
99;30/07/2014
100;19/12/2014
101;22/04/2013
102;13/06/2015
103;09/01/2014
104;14/11/2014
105;25/12/2013
106;09/02/2019
107;24/06/2014
108;11/12/2012
109;01/02/2019
110;15/06/2014
111;17/11/2010
112;02/09/2011
113;06/06/2017
114;06/01/2011
115;02/04/2013
116;18/01/2019
117;31/05/2011
118;16/03/2017
119;22/01/2015
120;20/03/2012
121;01/06/2014
122;18/01/2019
123;11/08/2017
124;03/12/2010
125;14/10/2015
126;08/12/2010
127;27/09/2017
128;19/11/2013
129;10/12/2016
130;10/06/2015
131;19/06/2015
132;17/02/2014
133;18/11/2010
134;27/05/2015
135;05/06/2017
136;02/07/2014
137;01/12/2017
138;16/10/2014
139;31/05/2012
140;31/05/2012
141;12/10/2017
142;07/12/2010
143;20/10/2013
144;20/01/2014
145;27/05/2015
146;15/01/2015
147;06/06/2017
148;19/06/2015
149;14/06/2018
150;06/01/2014
151;11/08/2017
152;08/07/2014
153;09/08/2017
154;11/02/2014
155;31/01/2013
156;04/06/2015
157;21/12/2016
158;13/01/2017
159;06/06/2017
160;07/06/2018
161;22/06/2013
162;10/06/2018
163;05/01/2013
164;14/06/2018
165;25/06/2014
166;22/04/2016
167;29/05/2018
168;24/06/2013
169;30/11/2010
170;10/06/2014
171;27/08/2014
172;25/04/2011
173;16/03/2018
174;14/03/2012
175;14/09/2015
176;01/06/2011
177;06/07/2015
178;12/06/2014
179;21/01/2011
180;01/12/2017
181;28/05/2015
182;23/10/2013
183;01/04/2015
184;10/01/2017
185;28/10/2015
186;05/10/2015
187;25/06/2015
188;25/04/2014
189;03/06/2015
190;31/05/2018
191;13/06/2018
192;16/03/2017
193;01/06/2015
194;25/09/2018
195;29/09/2015
196;18/10/2013
197;27/05/2015
198;01/12/2010
199;05/06/2014
200;28/05/2018
201;16/06/2017
202;06/10/2015
203;01/10/2015
204;15/05/2014
205;08/04/2016
206;25/02/2012
207;05/06/2015
208;28/05/2015
209;31/12/2014
210;02/06/2014
211;17/12/2018
212;15/11/2017
213;03/03/2012
214;29/04/2015
215;07/12/2017
216;28/05/2015
217;09/10/2015
218;19/10/2015
219;17/09/2015
220;13/10/2016
221;09/06/2014
222;18/04/2018
223;03/06/2015
224;22/12/2015
225;19/09/2014
226;14/05/2015
227;03/06/2015
228;12/11/2015
229;10/12/2017
230;13/06/2018
231;29/08/2014
232;19/06/2015
233;29/07/2015
234;18/09/2015
235;12/02/2016
236;06/06/2016
237;15/01/2015
238;31/05/2015
239;29/05/2015
240;04/12/2010
241;31/12/2011
242;05/02/2013
243;04/12/2013
244;12/09/2017
245;01/03/2012
246;23/04/2018
247;06/06/2016
248;02/07/2014
249;30/12/2010
250;17/06/2017
251;20/08/2015
252;12/11/2014
253;07/02/2011
254;21/03/2014
255;19/10/2015
256;20/08/2014
257;13/06/2018
258;29/01/2015
259;18/11/2016
260;28/05/2015
261;05/07/2018
262;27/08/2015
263;29/05/2015
264;08/03/2018
265;03/10/2013
266;26/03/2011
267;05/05/2015
268;27/05/2015
269;06/06/2014
270;10/11/2017
271;19/01/2017
272;14/09/2015
273;26/10/2013
274;31/12/2014
275;12/05/2011
276;09/12/2014
277;07/02/2011
278;06/02/2019
279;09/10/2015
280;06/11/2014
281;29/08/2015
282;28/05/2015
283;28/02/2017
284;12/11/2015
285;28/08/2014
286;05/01/2011
287;19/09/2014
288;12/11/2014
289;25/01/2019
290;19/06/2015
291;15/11/2018
292;03/12/2010
293;27/06/2017
294;08/02/2015
295;07/06/2015
296;05/06/2015
297;27/02/2016
298;12/06/2018
299;01/06/2014
300;04/03/2016
301;29/09/2015
302;09/09/2015
303;07/06/2016
304;18/11/2017
305;17/02/2016
306;06/06/2014
307;16/12/2016
308;07/03/2018
309;23/01/2018
310;03/06/2014
311;13/09/2015
312;13/06/2018
313;06/06/2014
314;01/02/2013
315;31/03/2017
316;07/10/2016
317;27/10/2015
318;19/06/2018
319;27/06/2016
320;28/04/2016
321;24/01/2014
322;19/03/2014
323;23/02/2016
324;18/10/2015
325;22/12/2015
326;12/06/2018
327;16/07/2018
328;07/10/2015
329;17/06/2015
330;07/07/2011
331;14/05/2015
332;18/03/2014
333;18/10/2013
334;13/06/2018
335;14/07/2018
336;01/08/2018
337;29/05/2015
338;11/12/2014
339;19/02/2015
340;25/03/2016
341;30/12/2010
342;03/12/2015
343;21/11/2013
344;30/05/2011
345;30/05/2015
346;24/02/2015
347;29/05/2011
348;26/03/2011
349;17/07/2018
350;13/08/2012
351;30/06/2018
352;20/05/2015
353;04/06/2018
354;14/01/2016
355;28/12/2015
356;09/06/2010
357;26/02/2016
358;30/03/2017
359;27/07/2018
360;29/01/2015
361;28/05/2015
362;30/01/2018
363;02/10/2014
364;29/05/2018
365;27/02/2011
366;21/03/2013
367;16/10/2015
368;31/05/2013
369;11/04/2018
370;21/08/2018
371;16/05/2017
372;15/05/2014
373;16/03/2016
374;07/01/2016
375;12/01/2017
376;23/09/2014
377;05/02/2013
378;15/11/2013
379;17/08/2015
380;27/06/2014
381;24/05/2012
382;29/04/2015
383;11/05/2017
384;03/06/2015
385;07/10/2016
386;07/02/2019
387;30/09/2013
388;16/03/2017
389;16/03/2016
390;13/06/2014
391;31/03/2016
392;13/02/2016
393;09/10/2015
394;21/09/2015
395;29/03/2017
396;21/06/2012
397;23/06/2012
398;09/10/2017
399;18/11/2013
400;09/01/2014
401;26/02/2016
402;14/10/2016
403;16/11/2014
404;20/05/2014
405;16/05/2014
406;25/12/2015
407;05/07/2015
408;16/05/2014
409;27/11/2017
410;31/03/2016
411;28/09/2013
412;12/06/2014
413;18/11/2014
414;01/06/2011
415;09/02/2011
416;02/12/2010
417;23/11/2015
418;09/11/2016
419;09/06/2014
420;17/11/2010
421;24/02/2015
422;14/06/2018
423;17/12/2010
424;21/12/2016
425;29/01/2013
426;09/12/2014
427;24/09/2014
428;04/06/2014
429;27/01/2011
430;09/01/2014
431;09/12/2010
432;29/01/2015
433;20/05/2015
434;15/02/2016
435;03/03/2011
436;18/09/2013
437;01/04/2016
438;21/05/2015
439;05/05/2016
440;09/10/2013
441;10/06/2015
442;17/12/2014
443;02/06/2014
444;04/03/2011
445;02/12/2010
446;19/03/2015
447;03/12/2010
448;31/03/2015
449;03/06/2014
450;25/08/2014
451;12/03/2013
452;11/06/2015
453;27/01/2015
454;08/01/2014
455;26/09/2013
456;07/06/2016
457;16/07/2018
458;31/05/2011
459;05/12/2015
460;31/05/2011
461;06/12/2010
462;20/01/2012
463;07/02/2011
464;29/11/2013
465;02/12/2010
466;04/05/2012
467;02/12/2010
468;27/04/2017
469;13/11/2014
470;11/07/2018
471;01/12/2010
472;26/09/2012
473;01/12/2014
474;10/06/2014
475;06/03/2015
476;25/09/2014
477;03/06/2014
478;24/02/2015
479;09/01/2019
480;23/04/2015
481;17/08/2015
482;19/03/2015
483;21/03/2015
484;21/03/2015
485;08/01/2014
486;24/03/2015
487;12/11/2014
488;10/06/2014
489;05/05/2015
490;29/01/2013
491;08/12/2014
492;26/09/2014
493;11/11/2014
494;02/09/2015
495;20/11/2014
496;10/02/2013
497;18/05/2015
498;21/05/2015
499;01/06/2014
500;13/11/2014
501;14/01/2011
502;30/09/2013
503;06/02/2019
504;27/09/2016
505;17/09/2014
506;02/06/2015
507;18/12/2015
508;22/01/2014
509;02/06/2014
510;24/02/2015
511;24/10/2016
512;10/10/2016
513;29/01/2013
514;31/03/2016
515;24/03/2015
516;06/02/2013
517;30/01/2015
518;08/11/2017
519;09/12/2014
520;19/12/2014
521;13/11/2014
522;13/11/2014
523;09/11/2016
524;02/06/2014
525;17/01/2011
526;16/05/2013
527;11/05/2013
528;27/01/2012
529;14/03/2012
530;13/07/2018
531;15/06/2014
532;05/12/2017
533;28/12/2010
534;14/06/2015
535;09/06/2014
536;04/12/2010
537;28/01/2015
538;08/10/2014
539;25/02/2015
540;05/06/2014
541;05/02/2019
542;27/11/2017
543;07/01/2011
544;17/11/2017
545;18/11/2014
546;19/03/2015
547;30/11/2011
548;18/04/2011
549;15/08/2018
550;22/11/2018
551;18/12/2014
552;31/12/2014
553;11/06/2014
554;20/05/2014
555;15/11/2014
556;22/11/2014
557;08/01/2019
558;27/05/2015
559;04/06/2015
560;03/06/2015
561;04/06/2015
562;27/05/2015
563;17/12/2014
564;07/11/2017
565;29/11/2017
566;14/12/2016
567;13/11/2017
568;16/05/2014
569;30/06/2018
570;06/07/2018
571;01/12/2017
572;16/05/2014
573;13/12/2016
574;26/09/2013
575;09/02/2011
576;03/12/2010
577;01/12/2013
578;29/10/2014
579;14/07/2018
580;25/06/2018
581;13/07/2018
582;18/11/2013
583;27/01/2015
584;29/07/2018
585;26/09/2018
586;20/11/2013
587;29/01/2015
588;15/01/2011
589;22/04/2016
590;30/01/2014
591;21/03/2014
592;13/02/2014
593;21/06/2015
594;18/11/2014
595;04/06/2015
596;11/06/2017
597;20/05/2014
598;09/12/2015
599;02/08/2018
600;21/11/2013
601;01/11/2016
602;15/03/2015
603;18/12/2013
604;04/06/2015
605;26/05/2013
606;04/12/2013
607;10/12/2010
608;04/03/2011
609;04/02/2015
610;17/12/2014
611;17/02/2014
612;09/06/2014
613;29/01/2013
614;18/09/2013
615;26/09/2017
616;25/09/2013
617;24/04/2014
618;17/09/2010
619;27/06/2017
620;11/05/2011
621;09/02/2015
622;22/09/2014
623;20/03/2015
624;30/11/2017
625;04/01/2016
626;23/06/2018
627;11/06/2017
628;13/11/2014
629;08/02/2016
630;14/03/2011
631;18/03/2011
632;13/11/2014
633;03/06/2015
634;20/04/2014
635;04/06/2015
636;30/11/2014
637;03/06/2015
638;03/06/2015
639;26/10/2015
640;19/12/2014
641;08/10/2015
642;29/05/2015
643;18/06/2017
644;06/02/2015
645;30/11/2017
646;24/09/2014
647;10/02/2015
648;01/06/2014
649;29/01/2013
650;13/06/2014
651;13/10/2014
652;02/01/2019
653;12/06/2017
654;09/11/2017
655;03/07/2018
656;12/01/2011
657;16/12/2014
658;02/06/2018
659;16/12/2018
660;25/11/2015
661;13/12/2010
662;05/06/2018
663;15/11/2013
664;08/06/2015
665;04/12/2018
666;05/02/2019
667;26/09/2018
668;08/11/2013
669;10/11/2016
670;17/12/2014
671;24/09/2015
672;27/05/2015
673;28/03/2015
674;05/06/2014
675;09/02/2011
676;10/12/2016
677;17/12/2014
678;31/10/2018
679;02/12/2010
680;23/06/2011
681;29/07/2015
682;14/10/2017
683;15/01/2015
684;02/06/2015
685;10/05/2011
686;06/06/2014
687;10/05/2011
688;28/06/2013
689;02/01/2019
690;06/06/2014
691;11/06/2015
692;22/03/2016
693;31/05/2011
694;16/05/2014
695;20/05/2014
696;16/03/2017
697;08/11/2014
698;28/08/2014
699;11/05/2013
700;15/12/2018
701;22/10/2016
702;02/04/2013
703;07/05/2014
704;02/05/2012
705;03/08/2017
706;05/06/2014
707;22/03/2016
708;08/02/2015
709;12/11/2014
710;25/02/2015
711;05/12/2017
712;19/11/2018
713;21/03/2015
714;24/02/2015
715;17/12/2014
716;16/10/2013
717;10/06/2018
718;05/12/2018
719;04/10/2018
720;22/09/2014
721;19/03/2015
722;18/03/2014
723;25/07/2018
724;25/02/2015
725;06/06/2017
726;26/09/2014
727;02/06/2018
728;31/12/2018
729;17/01/2019
730;02/12/2010
731;03/12/2010
732;08/11/2017
733;25/09/2015
734;20/03/2015
735;05/12/2017
736;29/07/2018
737;29/01/2013
738;04/06/2018
739;02/12/2010
740;13/11/2018
741;02/12/2010
742;18/02/2019
743;03/12/2010
744;29/10/2014
745;01/05/2016
746;01/12/2010
747;02/08/2017
748;30/11/2014
749;19/12/2014
750;24/02/2015
751;13/07/2018
752;15/05/2014
753;27/06/2017
754;14/11/2014
755;13/11/2014
756;02/06/2014
757;29/01/2013
758;28/12/2017
759;04/09/2014
760;17/09/2014
761;13/11/2014
762;16/01/2019
763;22/04/2016
764;11/11/2015
765;09/07/2013
766;07/02/2011
767;19/02/2015
768;03/06/2015
769;08/06/2014
770;03/12/2015
771;05/06/2014
772;03/06/2014
773;04/06/2018
774;23/03/2015
775;19/09/2013
776;18/12/2015
777;08/09/2014
778;14/10/2015
779;19/12/2014
780;07/09/2014
781;21/03/2015
782;27/02/2015
783;05/11/2013
784;15/02/2019
785;21/05/2015
786;25/02/2015
787;03/10/2016
788;02/08/2018
789;07/01/2011
790;20/03/2015
791;08/01/2014
792;25/05/2011
793;25/02/2015
794;04/12/2010
795;29/07/2018
796;29/12/2010
797;22/04/2013
798;04/06/2015
799;27/01/2012
800;17/06/2015
801;22/03/2015
802;17/12/2014
803;27/05/2015
804;04/02/2015
805;05/11/2013
806;01/02/2019
807;17/01/2019
808;15/10/2018
809;05/07/2015
810;21/06/2015
811;20/06/2015
812;04/06/2015
813;02/06/2015
814;31/05/2015
815;31/05/2015
816;30/05/2015
817;30/05/2015
818;29/05/2015
819;27/09/2018
820;28/05/2015
821;27/05/2015
822;18/05/2015
823;16/05/2015
824;16/05/2015
825;24/04/2015
826;31/03/2015
827;24/03/2015
828;24/03/2015
829;21/03/2015
830;26/09/2018
831;20/03/2015
832;19/03/2015
833;16/03/2015
834;05/03/2015
835;28/02/2015
836;26/02/2015
837;25/02/2015
838;25/02/2015
839;24/02/2015
840;24/02/2015
841;19/09/2018
842;24/02/2015
843;24/02/2015
844;24/02/2015
845;19/02/2015
846;04/02/2015
847;27/01/2015
848;17/12/2014
849;16/12/2014
850;10/12/2014
851;09/12/2014
852;07/09/2018
853;09/12/2014
854;30/11/2014
855;26/11/2014
856;20/11/2014
857;18/11/2014
858;18/11/2014
859;14/11/2014
860;10/11/2014
861;06/11/2014
862;24/10/2014
863;02/08/2018
864;21/10/2014
865;15/10/2014
866;11/10/2014
867;09/10/2014
868;22/09/2014
869;09/09/2014
870;08/09/2014
871;07/09/2014
872;07/09/2014
873;10/07/2014
874;01/08/2018
875;17/06/2014
876;15/06/2014
877;13/06/2014
878;10/06/2014
879;08/06/2014
880;08/06/2014
881;07/06/2014
882;06/06/2014
883;06/06/2014
884;05/06/2014
885;29/07/2018
886;03/06/2014
887;02/06/2014
888;02/06/2014
889;01/06/2014
890;20/05/2014
891;16/05/2014
892;27/03/2014
893;19/03/2014
894;18/03/2014
895;11/03/2014
896;26/07/2018
897;13/02/2014
898;10/01/2014
899;09/01/2014
900;09/01/2014
901;08/01/2014
902;08/01/2014
903;08/01/2014
904;01/01/2014
905;11/12/2013
906;06/12/2013
907;19/07/2018
908;27/11/2013
909;14/11/2013
910;20/10/2013
911;10/10/2013
912;06/10/2013
913;04/10/2013
914;04/10/2013
915;03/10/2013
916;01/10/2013
917;27/09/2013
918;18/12/2018
919;17/07/2018
920;22/09/2013
921;19/09/2013
922;18/09/2013
923;10/09/2013
924;18/07/2013
925;12/07/2013
926;05/06/2013
927;23/03/2013
928;12/02/2013
929;06/02/2013
930;16/07/2018
931;04/02/2013
932;04/02/2013
933;29/01/2013
934;29/01/2013
935;29/01/2013
936;25/01/2013
937;09/01/2013
938;29/12/2012
939;22/07/2011
940;22/07/2011
941;13/07/2018
942;22/07/2011
943;22/07/2011
944;22/07/2011
945;22/07/2011
946;22/07/2011
947;22/07/2011
948;20/07/2011
949;20/07/2011
950;20/07/2011
951;20/07/2011
952;13/07/2018
953;20/07/2011
954;20/07/2011
955;20/07/2011
956;20/07/2011
957;20/07/2011
958;20/07/2011
959;20/07/2011
960;20/07/2011
961;20/07/2011
962;20/07/2011
963;12/07/2018
964;20/07/2011
965;20/07/2011
966;20/07/2011
967;20/07/2011
968;20/07/2011
969;20/07/2011
970;20/07/2011
971;20/07/2011
972;20/07/2011
973;20/07/2011
974;14/06/2018
975;20/07/2011
976;20/07/2011
977;20/07/2011
978;20/07/2011
979;20/07/2011
980;20/07/2011
981;20/07/2011
982;20/07/2011
983;20/07/2011
984;20/07/2011
985;13/06/2018
986;20/07/2011
987;20/07/2011
988;13/06/2018
989;05/06/2018
990;04/06/2018
991;16/12/2018
992;25/03/2018
993;29/01/2018
994;23/01/2018
995;14/12/2017
996;05/12/2017
997;05/12/2017
998;28/11/2017
999;27/11/2017
1000;16/11/2017
1001;15/11/2017
1002;09/12/2018
1003;07/11/2017
1004;10/10/2017
1005;07/10/2017
1006;26/09/2017
1007;07/08/2017
1008;04/07/2017
1009;26/06/2017
1010;17/06/2017
1011;12/06/2017
1012;20/05/2017
1013;04/12/2018
1014;19/05/2017
1015;08/05/2017
1016;27/04/2017
1017;10/04/2017
1018;07/04/2017
1019;29/03/2017
1020;08/02/2017
1021;21/01/2017
1022;10/01/2017
1023;13/12/2016
1024;02/12/2018
1025;11/12/2016
1026;18/11/2016
1027;14/11/2016
1028;09/11/2016
1029;23/10/2016
1030;14/10/2016
1031;28/09/2016
1032;23/09/2016
1033;21/06/2016
1034;21/06/2016
1035;19/11/2018
1036;15/06/2016
1037;04/06/2016
1038;12/04/2016
1039;20/03/2016
1040;14/03/2016
1041;25/02/2016
1042;24/02/2016
1043;18/02/2016
1044;29/01/2016
1045;29/12/2015
1046;14/11/2018
1047;23/12/2015
1048;21/12/2015
1049;21/12/2015
1050;03/12/2015
1051;03/12/2015
1052;30/10/2015
1053;29/10/2015
1054;23/10/2015
1055;23/10/2015
1056;19/10/2015
1057;13/11/2018
1058;19/10/2015
1059;15/10/2015
1060;08/10/2015
1061;08/10/2015
1062;08/10/2015
1063;25/09/2015
1064;25/09/2015
1065;23/09/2015
1066;18/09/2015
1067;06/07/2015
1068;15/12/2018
1069;09/12/2018
1070;21/11/2018
1071;24/02/2015
1072;27/02/2015
1073;26/02/2015
1074;18/05/2018
1075;24/03/2015
1076;29/12/2018
1077;24/03/2015
1078;29/12/2018
1079;03/06/2015
1080;16/11/2016
1081;26/10/2018
1082;17/08/2018
1083;04/06/2015
1084;04/06/2015
1085;18/11/2016
1086;24/03/2015
1087;24/02/2015
1088;30/10/2015
1089;23/06/2015
1090;08/06/2017
1091;23/02/2018
1092;06/02/2019
1093;18/09/2015
1094;20/04/2018
1095;31/05/2015
1096;06/01/2017
1097;12/11/2015
1098;17/04/2015
1099;15/10/2015
1100;08/10/2015
1101;16/12/2015
1102;22/12/2015
1103;21/11/2018
1104;14/09/2018
1105;28/05/2015
1106;10/12/2016
1107;26/02/2016
1108;27/10/2015
1109;01/04/2015
1110;03/06/2015
1111;29/10/2015
1112;17/06/2015
1113;26/05/2017
1114;22/11/2018
1115;29/06/2016
1116;19/03/2015
1117;26/09/2015
1118;05/07/2015
1119;20/11/2018
1120;13/07/2018
1121;26/09/2018
1122;12/11/2018
1123;19/03/2015
1124;04/12/2018
1125;05/02/2019
1126;13/12/2018
1127;29/07/2018
1128;26/11/2017
1129;15/02/2019
1130;29/07/2018
1131;01/09/2015
1132;07/01/2019
1133;25/01/2019
1134;05/11/2017
1135;17/12/2018
1136;22/02/2018
1137;07/10/2017
1138;18/05/2017
1139;09/01/2019
1140;16/08/2018
1141;15/05/2015
1142;12/04/2018
1143;06/06/2016
1144;27/04/2018
1145;17/07/2017
1146;19/11/2018
1147;09/11/2016
1148;08/03/2018
1149;27/02/2018
1150;22/01/2019
1151;11/09/2018
1152;01/12/2015
1153;06/02/2018
1154;12/11/2018
1155;17/06/2015
1156;15/11/2016
1157;07/11/2018
1158;09/01/2019
1159;11/08/2015
1160;29/07/2018
1161;29/05/2016
1162;29/01/2019
1163;18/12/2015
1164;25/03/2018
1165;20/05/2015
1166;24/09/2015
1167;20/08/2017
1168;23/11/2018
1169;03/06/2015
1170;01/01/2016
1171;06/02/2018
1172;10/02/2016
1173;02/11/2016
1174;04/01/2019
1175;31/08/2017
1176;20/01/2017
1177;21/05/2015
1178;27/09/2018
1179;25/01/2019
1180;17/12/2018
1181;15/12/2018
1182;09/10/2017
1183;27/01/2016
1184;15/03/2015
1185;01/11/2016
1186;29/06/2015
1187;10/03/2015
1188;21/11/2018
1189;24/02/2015
1190;01/01/2019
1191;03/09/2018
1192;05/06/2017
1193;25/12/2015
1194;16/02/2018
1195;18/05/2015
1196;20/03/2015
1197;11/06/2017
1198;12/06/2017
1199;02/08/2018
1200;09/12/2015
1201;27/09/2018
1202;03/05/2016
1203;25/09/2015
1204;19/02/2015
1205;02/08/2018
1206;16/09/2015
1207;01/05/2016
1208;10/11/2016
1209;03/10/2018
1210;20/03/2015
1211;27/09/2017
1212;11/12/2013
1213;19/03/2015
1214;02/12/2010
1215;04/12/2013
1216;01/06/2014
1217;22/02/2015
1218;25/01/2019
1219;12/04/2017
1220;18/03/2015
1221;19/03/2014
1222;15/04/2016
1223;26/11/2017
1224;13/11/2018
1225;01/06/2014
1226;03/10/2013
1227;03/12/2010
1228;02/12/2015
1229;02/06/2014
1230;05/04/2017
1231;09/12/2018
1232;13/10/2017
1233;22/09/2014
1234;06/12/2011
1235;05/11/2017
1236;20/11/2013
1237;21/03/2015
1238;27/06/2017
1239;02/12/2010
1240;22/02/2015
1241;19/11/2015
1242;21/11/2013
1243;01/06/2014
1244;17/05/2016
1245;06/06/2017
1246;01/04/2016
1247;04/10/2013
1248;25/04/2017
1249;05/12/2018
1250;02/12/2015
1251;08/06/2014
1252;15/01/2019
1253;05/12/2010
1254;26/06/2017
1255;08/01/2014
1256;29/07/2018
1257;17/12/2010
1258;23/12/2010
1259;07/05/2017
1260;02/10/2013
1261;21/05/2015
1262;27/09/2017
1263;01/10/2013
1264;07/11/2018
1265;14/01/2019
1266;13/10/2017
1267;11/02/2014
1268;17/12/2010
1269;11/07/2013
1270;24/03/2015
1271;11/10/2017
1272;16/05/2014
1273;07/01/2011
1274;10/04/2017
1275;04/10/2013
1276;03/12/2010
1277;21/12/2015
1278;20/05/2015
1279;04/10/2013
1280;01/09/2015
1281;18/11/2013
1282;11/02/2014
1283;29/11/2017
1284;01/10/2013
1285;24/10/2018
1286;25/10/2017
1287;08/06/2014
1288;30/04/2018
1289;04/12/2018
1290;24/02/2015
1291;25/03/2018
1292;20/10/2014
1293;01/05/2014
1294;28/06/2017
1295;17/08/2015
1296;13/11/2014
1297;18/05/2017
1298;04/11/2010
1299;24/02/2015
1300;04/06/2018
1301;01/06/2014
1302;11/11/2014
1303;06/06/2017
1304;10/10/2013
1305;20/03/2015
1306;09/11/2016
1307;25/09/2015
1308;01/12/2015
1309;30/03/2017
1310;09/01/2014
1311;11/08/2017
1312;13/12/2016
1313;30/01/2013
1314;05/07/2015
1315;01/02/2019
1316;21/06/2015
1317;26/02/2015
1318;04/06/2018
1319;01/06/2011
1320;17/09/2010
1321;25/12/2015
1322;19/12/2014
1323;03/10/2013
1324;01/02/2019
1325;30/10/2015
1326;22/11/2013
1327;19/03/2014
1328;03/06/2014
1329;28/09/2012
1330;18/11/2013
1331;13/12/2018
1332;26/09/2018
1333;16/05/2014
1334;22/04/2016
1335;19/09/2013
1336;16/05/2014
1337;03/10/2013
1338;16/01/2018
1339;30/11/2014
1340;03/10/2013
1341;21/03/2014
1342;08/12/2014
1343;27/01/2012
1344;29/01/2019
1345;14/05/2014
1346;25/12/2013
1347;04/10/2013
1348;27/09/2013
1349;27/06/2017
1350;09/01/2014
1351;06/11/2017
1352;15/02/2019
1353;02/12/2010
1354;16/11/2014
1355;21/11/2013
1356;03/12/2010
1357;23/09/2014
1358;07/01/2011
1359;16/01/2019
1360;09/10/2013
1361;24/02/2015
1362;09/02/2015
1363;21/04/2014
1364;09/12/2010
1365;21/03/2014
1366;03/12/2010
1367;29/07/2013
1368;05/11/2013
1369;11/10/2017
1370;24/11/2017
1371;26/11/2013
1372;26/08/2013
1373;24/03/2015
1374;31/05/2015
1375;22/12/2015
1376;02/12/2018
1377;15/01/2015
1378;15/02/2015
1379;11/10/2013
1380;15/03/2015
1381;04/11/2014
1382;18/10/2017
1383;13/12/2018
1384;23/02/2018
1385;05/05/2015
1386;16/02/2017
1387;14/05/2013
1388;18/01/2019
1389;14/05/2014
1390;27/11/2014
1391;02/10/2018
1392;28/05/2015
1393;13/11/2014
1394;10/03/2015
1395;26/03/2018
1396;15/06/2018
1397;03/11/2013
1398;09/12/2018
1399;27/06/2017
1400;26/02/2015
1401;22/11/2014
1402;09/01/2014
1403;09/10/2018
1404;23/06/2015
1405;03/06/2015
1406;22/06/2014
1407;04/06/2015
1408;25/01/2019
1409;15/11/2016
1410;08/05/2017
1411;26/09/2013
1412;13/07/2018
1413;15/10/2017
1414;18/11/2016
1415;23/11/2017
1416;20/10/2014
1417;10/09/2013
1418;08/01/2014
1419;06/09/2014
1420;29/07/2018
1421;16/08/2018
1422;09/02/2017
1423;07/04/2017
1424;06/07/2015
1425;27/04/2018
1426;17/11/2014
1427;14/11/2016
1428;26/02/2013
1429;11/06/2015
1430;11/11/2014
1431;03/06/2015
1432;24/05/2012
1433;05/06/2014
1434;22/11/2013
1435;29/07/2015
1436;13/10/2017
1437;19/12/2014
1438;25/04/2014
1439;08/10/2015
1440;20/05/2014
1441;05/07/2012
1442;01/11/2016
1443;25/02/2015
1444;01/07/2018
1445;30/10/2015
1446;13/07/2018
1447;24/09/2015
1448;21/03/2013
1449;15/04/2016
1450;30/01/2019
1451;14/11/2014
1452;02/03/2013
1453;13/10/2017
1454;11/06/2014
1455;23/02/2014
1456;14/04/2016
1457;08/06/2014
1458;14/01/2014
1459;20/10/2013
1460;01/05/2017
1461;21/09/2015
1462;28/06/2017
1463;04/10/2014
1464;24/03/2015
1465;14/11/2014
1466;24/02/2015
1467;30/01/2015
1468;29/07/2018
1469;31/05/2013
1470;16/11/2017
1471;02/02/2019
1472;22/04/2016
1473;17/09/2013
1474;22/01/2019
1475;07/02/2019
1476;16/03/2014
1477;28/01/2015
1478;21/12/2015
1479;11/12/2012
1480;23/01/2012
1481;18/05/2018
1482;30/11/2017
1483;20/08/2017
1484;24/02/2015
1485;27/02/2018
1486;17/04/2018
1487;21/09/2012
1488;30/05/2015
1489;15/07/2018
1490;22/03/2013
1491;14/12/2016
1492;27/09/2018
1493;01/06/2018
1494;19/04/2018
1495;15/05/2015
1496;09/05/2015
1497;18/10/2016
1498;14/11/2014
1499;10/02/2014
1500;27/10/2018
1501;29/01/2019
1502;23/11/2018
1503;10/11/2016
1504;24/02/2015
1505;26/10/2015
1506;27/09/2016
1507;21/11/2013
1508;25/09/2015
1509;25/02/2015
1510;03/09/2018
1511;04/12/2018
1512;21/06/2016
1513;06/06/2017
1514;06/06/2017
1515;22/05/2017
1516;03/06/2015
1517;08/01/2014
1518;12/06/2017
1519;21/04/2015
1520;11/11/2015
1521;01/01/2016
1522;21/11/2018
1523;02/06/2015
1524;13/02/2015
1525;09/12/2015
1526;31/03/2017
1527;17/10/2014
1528;12/11/2018
1529;15/06/2017
1530;04/02/2019
1531;06/02/2013
1532;19/03/2015
1533;03/04/2012
1534;17/06/2015
1535;08/01/2014
1536;18/12/2015
1537;05/06/2018
1538;22/03/2014
1539;04/02/2018
1540;06/10/2015
1541;21/11/2018
1542;09/01/2018
1543;13/09/2016
1544;28/05/2015
1545;03/06/2014
1546;02/06/2015
1547;08/11/2017
1548;13/06/2017
1549;26/09/2018
1550;17/11/2013
1551;03/12/2015
1552;18/03/2018
1553;01/07/2018
1554;11/08/2015
1555;04/06/2015
1556;09/09/2014
1557;21/09/2018
1558;21/03/2016
1559;31/05/2013
1560;17/06/2015
1561;12/04/2018
1562;20/05/2015
1563;02/06/2015
1564;04/10/2018
1565;07/01/2016
1566;18/07/2013
1567;25/04/2015
1568;08/09/2018
1569;19/03/2013
1570;19/11/2015
1571;03/06/2014
1572;05/12/2013
1573;16/11/2014
1574;20/03/2015
1575;23/03/2015
1576;08/01/2014
1577;03/05/2016
1578;17/01/2019
1579;12/11/2018
1580;05/06/2017
1581;17/10/2017
1582;28/01/2015
1583;09/11/2017
1584;06/02/2019
1585;15/07/2018
1586;29/07/2018
1587;18/04/2014
1588;18/03/2014
1589;15/12/2018
1590;21/11/2014
1591;17/01/2019
1592;30/11/2014
1593;07/11/2018
1594;29/06/2016
1595;27/01/2012
1596;13/06/2018
1597;14/08/2018
1598;28/10/2015
1599;09/01/2019
1600;10/06/2018
1601;12/12/2014
1602;09/11/2016
1603;08/09/2014
1604;10/11/2016
1605;13/06/2014
1606;02/06/2015
1607;02/09/2015
1608;17/12/2018
1609;27/05/2015
1610;26/06/2018
1611;08/06/2014
1612;28/10/2015
1613;18/09/2013
1614;08/01/2014
1615;28/06/2017
1616;02/02/2019
1617;08/11/2013
1618;12/06/2017
1619;12/11/2014
1620;14/06/2018
1621;30/05/2018
1622;07/02/2013
1623;20/04/2018
1624;27/10/2015
1625;08/03/2018
1626;19/12/2014
1627;13/10/2017
1628;15/07/2018
1629;22/02/2018
1630;01/08/2015
1631;07/02/2017
1632;15/02/2019
1633;06/07/2018
1634;29/03/2017
1635;02/08/2018
1636;15/01/2016
1637;19/04/2014
1638;21/07/2015
1639;19/11/2013
1640;01/09/2015
1641;12/11/2014
1642;24/07/2014
1643;25/07/2013
1644;02/08/2018
1645;26/01/2016
1646;18/09/2015
1647;01/02/2019
1648;18/08/2013
1649;09/06/2015
1650;24/02/2015
1651;11/12/2013
1652;04/12/2013
1653;06/02/2018
1654;28/01/2015
1655;20/04/2016
1656;11/11/2014
1657;30/11/2018
1658;05/12/2013
1659;29/05/2016
1660;11/07/2018
1661;21/12/2015
1662;02/01/2019
1663;17/06/2015
1664;04/06/2018
1665;08/01/2014
1666;28/09/2018
1667;01/01/2016
1668;26/01/2015
1669;18/09/2015
1670;25/01/2019
1671;22/04/2016
1672;11/02/2014
1673;26/06/2018
1674;24/02/2015
1675;05/11/2013
1676;01/05/2016
1677;17/08/2018
1678;24/04/2012
1679;09/10/2017
1680;17/06/2015
1681;13/01/2019
1682;17/07/2013
1683;18/05/2017
1684;04/04/2017
1685;27/01/2016
1686;27/01/2015
1687;16/07/2018
1688;29/10/2014
1689;21/10/2012
1690;12/10/2017
1691;02/06/2015
1692;26/01/2016
1693;13/04/2015
1694;15/07/2018
1695;01/10/2013
1696;18/03/2014
1697;24/02/2016
1698;16/09/2015
1699;31/07/2015
1700;28/12/2017
1701;21/05/2015
1702;26/11/2017
1703;08/01/2014
1704;01/01/2019
1705;10/02/2016
1706;10/01/2017
1707;02/06/2015
1708;14/12/2015
1709;26/03/2014
1710;26/10/2018
1711;06/03/2017
1712;25/03/2018
1713;02/06/2015
1714;26/01/2016
1715;24/10/2018
1716;25/10/2013
1717;12/10/2017
1718;08/04/2015
1719;12/06/2018
1720;12/07/2015
1721;28/10/2016
1722;05/03/2015
1723;16/10/2013
1724;05/07/2015
1725;10/12/2016
1726;13/10/2017
1727;07/06/2014
1728;14/01/2016
1729;25/07/2018
1730;08/02/2016
1731;30/01/2015
1732;23/11/2018
1733;05/11/2017
1734;16/03/2017
1735;24/04/2014
1736;26/11/2017
1737;11/06/2017
1738;25/07/2013
1739;01/12/2015
1740;14/06/2018
1741;10/09/2018
1742;28/05/2015
1743;02/08/2018
1744;29/01/2013
1745;25/12/2015
1746;23/10/2018
1747;06/12/2010
1748;22/02/2019
1749;30/06/2014
1750;09/06/2015
1751;13/03/2016
1752;22/02/2019
1753;20/02/2019
1754;05/06/2018
1755;05/12/2014
1756;02/07/2014
1757;23/10/2012
1758;09/07/2014
1759;04/07/2014
1760;11/02/2014
1761;21/06/2014
1762;07/12/2014
1763;20/02/2019
1764;06/08/2014
1765;22/02/2019
1766;21/11/2013
1767;05/11/2017
1768;12/06/2014
1769;22/09/2014
1770;03/10/2013
1771;23/09/2015
1772;12/06/2014
1773;20/08/2015
1774;18/02/2019
1775;21/02/2019
1776;20/02/2019
1777;26/01/2015
1778;15/01/2014
1779;03/06/2014
1780;14/07/2014
1781;09/02/2015
1782;21/02/2019
1783;22/02/2019
1784;20/02/2017
1785;19/06/2014
1786;30/01/2016
1787;27/05/2014
1788;08/02/2016
1789;14/01/2016
1790;14/01/2016
1791;02/10/2013
1792;28/05/2016
1793;26/11/2018
1794;29/06/2014
1795;16/10/2016
1796;21/02/2019
1797;06/06/2014
1798;15/06/2014
1799;05/10/2015
1800;21/06/2014
1801;14/09/2015
1802;22/12/2016
1803;21/02/2019
1804;21/11/2013
1805;15/07/2018
1806;15/06/2014
1807;26/02/2015
1808;10/01/2017
1809;31/05/2018
1810;17/06/2018
1811;23/07/2015
1812;31/03/2016
1813;11/07/2018
1814;12/07/2012
1815;13/06/2014
1816;24/06/2014
1817;22/02/2019
1818;18/05/2014
1819;21/11/2013
1820;11/07/2014
1821;25/06/2013
1822;18/02/2019
1823;06/07/2014
1824;20/10/2014
1825;23/10/2012
1826;25/06/2014
1827;21/02/2019
1828;14/07/2018
1829;22/02/2019
1830;09/01/2017
1831;17/09/2014
1832;10/01/2017
1833;13/06/2014
1834;13/07/2014
1835;25/04/2014
1836;28/10/2015
1837;12/07/2014
1838;02/12/2015
1839;17/06/2018
1840;11/10/2014
1841;07/01/2011
1842;10/09/2015
1843;30/11/2014
1844;03/06/2014
1845;17/10/2015
1846;28/05/2014
1847;26/04/2018
1848;09/07/2014
1849;15/02/2011
1850;06/10/2017
1851;09/06/2014
1852;17/05/2018
1853;17/10/2015
1854;13/11/2014
1855;01/06/2011
1856;22/04/2016
1857;24/07/2017
1858;19/09/2014
1859;11/06/2014
1860;14/06/2014
1861;19/02/2019
1862;03/03/2015
1863;24/10/2011
1864;02/07/2014
1865;13/02/2015
1866;28/06/2014
1867;21/05/2014
1868;16/05/2014
1869;22/02/2019
1870;01/12/2017
1871;19/12/2014
1872;04/10/2013
1873;27/06/2015
1874;21/06/2016
1875;20/06/2014
1876;09/07/2014
1877;22/02/2019
1878;19/02/2019
1879;04/01/2018
1880;05/11/2014
1881;11/11/2016
1882;26/08/2015
1883;22/02/2019
1884;10/03/2011
1885;22/02/2019
1886;22/02/2019
1887;19/09/2015
1888;03/12/2013
1889;16/02/2019
1890;16/11/2014
1891;10/11/2013
1892;18/12/2014
1893;22/02/2019
1894;18/11/2013
1895;18/11/2013
1896;21/11/2013
1897;05/10/2017
1898;30/06/2014
1899;18/10/2015
1900;21/02/2019
1901;22/02/2019
1902;28/07/2015
1903;19/03/2015
1904;28/09/2018
1905;18/11/2014
1906;02/12/2010
1907;05/07/2015
1908;22/02/2019
1909;21/03/2014
1910;14/09/2015
1911;30/08/2018
1912;15/07/2014
1913;30/07/2015
1914;11/12/2013
1915;27/06/2014
1916;22/02/2019
1917;22/06/2016
1918;22/01/2017
1919;24/10/2015
1920;22/02/2019
1921;25/12/2013
1922;01/12/2015
1923;30/10/2015
1924;18/11/2013
1925;19/10/2015
1926;20/05/2014
1927;06/07/2015
1928;20/06/2014
1929;20/06/2014
1930;02/10/2015
1931;30/06/2014
1932;15/11/2016
1933;22/02/2019
1934;12/12/2014
1935;01/06/2014
1936;21/02/2019
1937;22/02/2019
1938;04/05/2014
1939;15/06/2014
1940;07/06/2014
1941;30/10/2015
1942;05/12/2014
1943;05/07/2014
1944;25/10/2013
1945;03/10/2017
1946;22/02/2019
1947;28/06/2014
1948;22/02/2019
1949;05/10/2015
1950;21/01/2019
1951;22/02/2019
1952;11/10/2015
1953;04/10/2017
1954;23/05/2014
1955;22/02/2019
1956;21/02/2019
1957;15/05/2014
1958;10/07/2018
1959;22/02/2019
1960;24/01/2017
1961;04/07/2014
1962;18/09/2015
1963;22/03/2015
1964;31/01/2016
1965;22/02/2019
1966;18/09/2016
1967;25/07/2013
1968;28/09/2016
1969;24/02/2015
1970;30/10/2016
1971;14/02/2019
1972;21/02/2019
1973;25/03/2016
1974;12/02/2019
1975;20/02/2019
1976;13/07/2014
1977;14/12/2014
1978;18/07/2013
1979;25/09/2014
1980;31/05/2015
1981;26/11/2016
1982;14/07/2014
1983;31/03/2017
1984;28/06/2018
1985;22/02/2019
1986;22/02/2019
1987;16/08/2015
1988;20/02/2019
1989;01/11/2010
1990;19/09/2015
1991;03/12/2010
1992;19/12/2014
1993;29/01/2013
1994;06/06/2014
1995;04/12/2016
1996;04/10/2016
1997;06/10/2016
1998;31/07/2015
1999;01/12/2017
2000;25/08/2011
2001;01/10/2015
2002;24/02/2015
2003;04/08/2013
2004;28/02/2013
2005;29/04/2016
2006;03/10/2013
2007;05/06/2014
2008;08/02/2013
2009;08/07/2014
2010;20/04/2014
2011;21/04/2014
2012;01/07/2014
2013;01/07/2014
2014;08/10/2015
2015;22/02/2019
2016;28/10/2016
2017;23/10/2016
2018;06/09/2016
2019;06/02/2019
2020;26/06/2014
2021;15/01/2019
2022;05/07/2016
2023;22/02/2019
2024;24/02/2015
2025;24/11/2016
2026;13/06/2014
2027;18/07/2014
2028;06/11/2018
2029;25/02/2015
2030;17/10/2015
2031;22/02/2019
2032;22/02/2019
2033;20/02/2019
2034;14/09/2015
2035;25/09/2015
2036;23/08/2015
2037;20/02/2019
2038;21/02/2019
2039;27/06/2014
2040;20/02/2019
2041;30/09/2013
2042;11/10/2017
2043;22/02/2019
2044;10/07/2014
2045;29/06/2014
2046;20/03/2015
2047;29/06/2014
2048;23/08/2015
2049;05/08/2015
2050;14/12/2014
2051;24/02/2011
2052;18/01/2017
2053;22/10/2015
2054;06/02/2016
2055;21/02/2019
2056;01/04/2015
2057;02/12/2015
2058;15/06/2015
2059;02/07/2014
2060;10/06/2014
2061;07/06/2014
2062;04/12/2010
2063;09/12/2015
2064;21/06/2014
2065;03/12/2015
2066;05/07/2014
2067;21/02/2019
2068;29/05/2015
2069;13/06/2014
2070;19/06/2014
2071;21/02/2019
2072;21/02/2019
2073;27/09/2017
2074;01/12/2015
2075;21/02/2019
2076;06/10/2015
2077;09/11/2016
2078;12/07/2018
2079;22/02/2015
2080;10/05/2011
2081;11/06/2014
2082;22/02/2019
2083;05/12/2014
2084;13/02/2019
2085;23/01/2014
2086;13/11/2014
2087;29/03/2015
2088;20/02/2019
2089;04/05/2015
2090;18/11/2013
2091;17/12/2014
2092;29/06/2014
2093;28/10/2016
2094;15/06/2014
2095;16/10/2015
2096;13/07/2018
2097;29/01/2013
2098;26/05/2014
2099;03/09/2014
2100;03/09/2014
2101;21/12/2014
2102;18/11/2014
2103;14/06/2014
2104;25/11/2015
2105;06/07/2015
2106;06/12/2011
2107;05/12/2014
2108;26/05/2015
2109;27/01/2011
2110;21/06/2015
2111;22/02/2019
2112;09/07/2014
2113;03/06/2015
2114;19/06/2014
2115;10/02/2015
2116;20/03/2012
2117;21/07/2014
2118;09/06/2015
2119;06/12/2013
2120;27/06/2016
2121;04/02/2015
2122;10/06/2014
2123;28/06/2014
2124;09/01/2014
2125;18/09/2015
2126;22/06/2014
2127;19/11/2013
2128;14/06/2014
2129;20/06/2014
2130;19/06/2014
2131;23/04/2014
2132;11/06/2014
2133;19/09/2015
2134;04/10/2013
2135;23/10/2016
2136;04/10/2013
2137;19/02/2015
2138;27/03/2015
2139;23/03/2016
2140;11/10/2015
2141;23/09/2015
2142;01/08/2014
2143;27/02/2015
2144;18/06/2014
2145;08/08/2016
2146;16/06/2014
2147;05/06/2018
2148;02/12/2010
2149;02/12/2010
2150;25/09/2015
2151;02/06/2014
2152;18/10/2015
2153;04/10/2013
2154;03/12/2012
2155;17/06/2014
2156;20/02/2019
2157;15/06/2014
2158;19/03/2014
2159;13/02/2014
2160;03/12/2017
2161;11/01/2017
2162;15/06/2014
2163;11/10/2017
2164;04/12/2013
2165;07/08/2015
2166;30/07/2015
2167;18/11/2014
2168;11/07/2013
2169;14/01/2016
2170;08/06/2014
2171;05/07/2014
2172;15/01/2014
2173;29/03/2014
2174;02/06/2014
2175;09/07/2014
2176;25/08/2015
2177;20/02/2019
2178;21/02/2019
2179;22/02/2019
2180;13/08/2018
2181;22/02/2019
2182;14/01/2016
2183;12/06/2014
2184;22/02/2019
2185;05/07/2014
2186;26/06/2014
2187;14/07/2014
2188;22/11/2014
2189;21/06/2014
2190;22/03/2016
2191;21/10/2011
2192;06/12/2013
2193;11/02/2019
2194;26/08/2013
2195;25/04/2014
2196;15/11/2013
2197;08/01/2014
2198;16/12/2014
2199;06/10/2016
2200;26/02/2016
2201;15/06/2014
2202;01/06/2014
2203;03/03/2018
2204;22/02/2019
2205;21/02/2019
2206;22/02/2019
2207;05/01/2016
2208;22/02/2019
2209;16/12/2014
2210;17/10/2015
2211;15/08/2015
2212;13/03/2016
2213;27/09/2015
2214;01/10/2014
2215;09/07/2014
2216;11/07/2013
2217;02/08/2014
2218;30/06/2014
2219;19/11/2016
2220;15/11/2016
2221;20/09/2015
2222;28/11/2015
2223;20/06/2014
2224;11/11/2016
2225;03/07/2014
2226;04/02/2017
2227;13/06/2014
2228;25/09/2015
2229;19/03/2015
2230;24/06/2014
2231;07/03/2013
2232;15/01/2015
2233;14/12/2015
2234;16/07/2014
2235;02/06/2014
2236;12/10/2015
2237;13/10/2015
2238;22/09/2014
2239;02/10/2014
2240;01/05/2014
2241;13/01/2012
2242;11/12/2013
2243;21/05/2015
2244;03/01/2012
2245;29/01/2013
2246;08/09/2015
2247;02/11/2016
2248;26/11/2014
2249;20/05/2014
2250;22/09/2014
2251;09/02/2015
2252;23/06/2012
2253;09/10/2013
2254;16/10/2015
2255;05/11/2013
2256;28/11/2014
2257;25/01/2019
2258;01/06/2014
2259;24/08/2014
2260;18/10/2015
2261;03/09/2015
2262;19/02/2015
2263;14/09/2015
2264;18/04/2015
2265;16/05/2014
2266;05/12/2014
2267;10/02/2017
2268;06/01/2011
2269;20/02/2019
2270;11/03/2018
2271;24/08/2015
2272;27/12/2016
2273;31/08/2015
2274;03/06/2014
2275;25/08/2015
2276;21/02/2019
2277;06/12/2014
2278;21/02/2019
2279;11/06/2015
2280;02/12/2013
2281;21/02/2019
2282;02/06/2014
2283;22/02/2019
2284;22/02/2019
2285;29/09/2017
2286;17/06/2013
2287;04/03/2016
2288;15/06/2018
2289;26/06/2014
2290;31/03/2016
2291;22/02/2019
2292;15/01/2013
2293;22/02/2019
2294;12/06/2014
2295;30/06/2014
2296;12/06/2014
2297;14/07/2014
2298;22/02/2019
2299;21/10/2016
2300;12/12/2016
2301;16/06/2014
2302;03/06/2014
2303;22/02/2019
2304;09/07/2014
2305;12/06/2014
2306;10/05/2016
2307;08/03/2016
2308;22/02/2019
2309;21/02/2019
2310;21/02/2019
2311;03/06/2014
2312;10/02/2017
2313;23/06/2014
2314;20/02/2019
2315;05/07/2018
2316;21/02/2019
2317;11/10/2017
2318;25/07/2014
2319;05/10/2015
2320;22/02/2019
2321;24/02/2015
2322;14/10/2016
2323;14/05/2014
2324;15/06/2014
2325;07/01/2015
2326;04/10/2013
2327;23/08/2013
2328;11/02/2014
2329;07/06/2015
2330;09/09/2010
2331;27/11/2017
2332;06/12/2011
2333;01/07/2014
2334;10/07/2014
2335;03/07/2014
2336;10/10/2016
2337;05/06/2014
2338;10/10/2013
2339;22/02/2019
2340;13/02/2019
2341;22/02/2019
2342;29/01/2013
2343;31/07/2015
2344;08/12/2014
2345;10/06/2014
2346;19/11/2013
2347;22/02/2019
2348;13/07/2011
2349;28/12/2016
2350;06/12/2013
2351;07/06/2016
2352;05/07/2014
2353;09/06/2015
2354;06/07/2014
2355;30/09/2016
2356;28/09/2016
2357;29/07/2015
2358;25/09/2016
2359;20/06/2014
2360;22/02/2019
2361;28/04/2015
2362;29/06/2014
2363;20/06/2014
2364;22/02/2019
2365;01/10/2015
2366;21/06/2014
2367;05/05/2015
2368;27/05/2013
2369;28/05/2014
2370;01/12/2017
2371;06/07/2015
2372;09/12/2014
2373;27/04/2015
2374;29/06/2014
2375;05/06/2014
2376;13/06/2014
2377;13/06/2014
2378;15/01/2015
2379;02/12/2014
2380;19/01/2015
2381;04/11/2013
2382;19/04/2016
2383;21/06/2014
2384;14/09/2015
2385;29/07/2015
2386;31/12/2013
2387;22/02/2019
2388;19/06/2014
2389;11/10/2015
2390;10/06/2014
2391;21/02/2019
2392;17/05/2016
2393;21/02/2019
2394;04/07/2014
2395;03/06/2015
2396;20/02/2019
2397;02/06/2014
2398;29/01/2015
2399;03/12/2015
2400;22/02/2019
2401;18/05/2018
2402;25/12/2013
2403;21/02/2019
2404;16/06/2014
2405;28/06/2014
2406;21/02/2019
2407;14/07/2014
2408;22/02/2019
2409;27/11/2016
2410;27/01/2012
2411;11/07/2014
2412;19/01/2015
2413;16/05/2014
2414;25/09/2014
2415;25/10/2018
2416;25/06/2014
2417;02/09/2015
2418;26/06/2014
2419;17/06/2014
2420;18/06/2014
2421;19/05/2015
2422;07/11/2015
2423;22/02/2019
2424;31/07/2014
2425;18/05/2015
2426;03/03/2017
2427;28/05/2014
2428;21/02/2019
2429;24/10/2015
2430;30/05/2011
2431;13/07/2016
2432;08/12/2014
2433;28/01/2011
2434;04/01/2017
2435;24/06/2011
2436;18/11/2013
2437;25/02/2015
2438;06/01/2015
2439;09/07/2014
2440;12/06/2014
2441;22/02/2019
2442;13/11/2014
2443;22/02/2019
2444;26/06/2014
2445;27/06/2017
2446;11/06/2014
2447;21/02/2019
2448;03/06/2014
2449;14/06/2014
2450;18/10/2015
2451;12/06/2014
2452;16/06/2014
2453;22/11/2015
2454;04/07/2014
2455;05/09/2015
2456;20/02/2019
2457;30/06/2014
2458;18/01/2015
2459;21/09/2015
2460;22/02/2019
2461;31/12/2013
2462;17/05/2018
2463;22/03/2015
2464;13/02/2019
2465;03/10/2016
2466;20/10/2014
2467;07/11/2013
2468;24/06/2015
2469;02/07/2014
2470;30/06/2014
2471;18/07/2018
2472;14/11/2016
2473;22/04/2016
2474;17/06/2014
2475;01/07/2014
2476;06/04/2017
2477;11/10/2015
2478;02/12/2010
2479;19/09/2015
2480;21/09/2015
2481;10/07/2014
2482;05/11/2013
2483;24/09/2015
2484;09/06/2015
2485;12/06/2014
2486;05/10/2016
2487;11/04/2017
2488;12/07/2016
2489;11/06/2014
2490;17/06/2014
2491;21/02/2019
2492;05/04/2013
2493;08/07/2014
2494;29/09/2015
2495;02/06/2014
2496;12/01/2015
2497;08/11/2014
2498;21/01/2015
2499;18/09/2015
2500;18/06/2014
2501;19/04/2016
2502;14/09/2015
2503;16/06/2014
2504;30/07/2015
2505;15/11/2013
2506;22/02/2019
2507;09/11/2016
2508;04/10/2013
2509;22/02/2019
2510;09/06/2015
2511;28/07/2015
2512;07/02/2017
2513;02/01/2014
2514;26/06/2014
2515;08/04/2017
2516;12/11/2012
2517;16/12/2014
2518;31/07/2015
2519;04/12/2014
2520;18/11/2016
2521;05/10/2015
2522;19/09/2015
2523;24/07/2015
2524;23/11/2016
2525;10/06/2013
2526;05/02/2017
2527;08/10/2013
2528;27/02/2015
2529;18/09/2015
2530;19/06/2014
2531;08/06/2014
2532;20/11/2013
2533;11/02/2015
2534;14/07/2018
2535;02/12/2010
2536;02/01/2014
2537;01/07/2014
2538;30/11/2016
2539;14/07/2014
2540;26/09/2015
2541;02/07/2014
2542;21/02/2019
2543;21/02/2019
2544;18/09/2013
2545;09/10/2015
2546;18/06/2014
2547;03/10/2013
2548;04/10/2013
2549;22/02/2019
2550;05/12/2014
2551;04/07/2014
2552;22/02/2019
2553;03/10/2013
2554;22/02/2019
2555;02/10/2016
2556;21/02/2019
2557;12/06/2014
2558;26/09/2013
2559;23/09/2015
2560;05/12/2013
2561;19/09/2015
2562;04/07/2014
2563;21/02/2019
2564;27/09/2015
2565;26/03/2015
2566;25/06/2014
2567;01/10/2013
2568;28/11/2014
2569;18/03/2014
2570;27/05/2015
2571;15/04/2016
2572;03/02/2015
2573;03/02/2015
2574;11/10/2016
2575;21/02/2019
2576;24/06/2014
2577;21/02/2019
2578;04/07/2014
2579;19/06/2014
2580;21/02/2019
2581;14/06/2014
2582;19/02/2015
2583;08/09/2014
2584;11/01/2017
2585;04/10/2013
2586;23/05/2014
2587;16/06/2014
2588;28/09/2015
2589;20/09/2015
2590;13/06/2017
2591;19/08/2015
2592;02/06/2014
2593;12/10/2012
2594;14/11/2013
2595;03/11/2014
2596;22/02/2019
2597;21/02/2019
2598;22/02/2019
2599;22/02/2019
2600;17/03/2015
2601;22/02/2019
2602;12/06/2014
2603;18/06/2014
2604;30/06/2014
2605;19/06/2014
2606;28/06/2014
2607;17/05/2016
2608;20/12/2014
2609;16/10/2016
2610;10/01/2018
2611;12/11/2014
2612;03/07/2014
2613;25/07/2014
2614;22/02/2019
2615;14/01/2016
2616;22/02/2016
2617;20/01/2015
2618;18/09/2014
2619;08/01/2014
2620;28/09/2011
2621;19/02/2019
2622;27/05/2014
2623;14/11/2017
2624;06/10/2015
2625;13/11/2014
2626;21/02/2019
2627;14/09/2015
2628;06/12/2013
2629;15/05/2015
2630;30/07/2014
2631;22/02/2019
2632;01/06/2014
2633;09/10/2015
2634;03/07/2014
2635;09/10/2015
2636;07/12/2013
2637;09/07/2014
2638;20/09/2015
2639;22/02/2019
2640;21/02/2019
2641;22/02/2019
2642;01/07/2014
2643;06/07/2015
2644;26/09/2014
2645;09/06/2015
2646;17/02/2017
2647;17/06/2014
2648;12/06/2014
2649;30/11/2018
2650;22/03/2018
2651;20/02/2019
2652;13/06/2014
2653;22/11/2016
2654;21/02/2019
2655;31/10/2015
2656;12/04/2015
2657;27/01/2015
2658;20/11/2013
2659;21/02/2019
2660;30/05/2011
2661;20/02/2019
2662;08/10/2015
2663;09/10/2015
2664;01/09/2015
2665;12/10/2016
2666;12/09/2013
2667;01/09/2010
2668;23/06/2014
2669;19/06/2014
2670;21/02/2019
2671;15/06/2014
2672;10/06/2015
2673;31/05/2011
2674;01/11/2016
2675;12/10/2015
2676;04/12/2013
2677;19/01/2015
2678;02/11/2015
2679;21/02/2019
2680;27/09/2017
2681;14/06/2014
2682;16/06/2014
2683;22/02/2019
2684;26/02/2016
2685;09/06/2017
2686;14/01/2014
2687;01/08/2014
2688;21/02/2019
2689;26/09/2017
2690;21/02/2019
2691;09/10/2017
2692;19/03/2015
2693;21/02/2019
2694;01/10/2013
2695;21/02/2019
2696;28/11/2013
2697;03/07/2014
2698;20/06/2014
2699;01/07/2014
2700;21/02/2019
2701;26/09/2013
2702;02/02/2018
2703;29/03/2017
2704;21/02/2019
2705;18/09/2015
2706;10/06/2014
2707;21/02/2019
2708;12/10/2015
2709;21/12/2014
2710;20/03/2015
2711;21/02/2019
2712;21/09/2015
2713;08/09/2014
2714;17/05/2018
2715;04/12/2010
2716;12/06/2014
2717;20/06/2014
2718;12/10/2016
2719;12/12/2014
2720;23/04/2014
2721;31/05/2011
2722;21/11/2013
2723;17/03/2012
2724;21/02/2019
2725;15/06/2014
2726;05/11/2014
2727;06/07/2015
2728;23/09/2015
2729;22/04/2016
2730;20/06/2015
2731;11/06/2014
2732;22/02/2019
2733;22/02/2019
2734;27/09/2013
2735;12/06/2014
2736;18/09/2015
2737;22/02/2019
2738;19/02/2019
2739;06/12/2011
2740;22/03/2016
2741;20/02/2019
2742;29/10/2014
2743;16/06/2014
2744;26/02/2016
2745;05/07/2014
2746;22/02/2015
2747;12/10/2015
2748;02/10/2013
2749;14/06/2014
2750;18/06/2014
2751;22/02/2019
2752;03/10/2013
2753;22/02/2019
2754;08/11/2013
2755;22/02/2019
2756;26/09/2018
2757;04/06/2014
2758;02/02/2013
2759;08/02/2017
2760;04/10/2013
2761;16/07/2018
2762;02/12/2010
2763;09/01/2014
2764;07/02/2018
2765;30/12/2011
2766;08/01/2014
2767;23/03/2011
2768;27/06/2017
2769;29/07/2018
2770;10/12/2013
2771;29/09/2016
2772;30/12/2011
2773;25/09/2015
2774;08/10/2015
2775;18/03/2016
2776;26/05/2011
2777;19/03/2015
2778;10/06/2014
2779;19/09/2013
2780;28/07/2018
2781;21/10/2018
2782;24/02/2015
2783;16/12/2018
2784;09/12/2014
2785;01/06/2014
2786;29/10/2015
2787;31/05/2011
2788;04/10/2013
2789;30/10/2014
2790;02/12/2010
2791;25/02/2015
2792;20/01/2017
2793;06/08/2011
2794;08/01/2014
2795;26/09/2014
2796;22/02/2018
2797;24/02/2015
2798;08/01/2014
2799;14/11/2016
2800;28/05/2015
2801;24/02/2015
2802;19/03/2015
2803;03/10/2013
2804;02/11/2016
2805;24/09/2014
2806;28/09/2016
2807;18/03/2014
2808;08/07/2016
2809;04/02/2015
2810;29/11/2017
2811;01/06/2014
2812;19/02/2010
2813;19/02/2015
2814;04/02/2011
2815;04/12/2018
2816;18/06/2011
2817;06/05/2011
2818;02/06/2014
2819;31/05/2011
2820;29/01/2019
2821;26/09/2015
2822;21/11/2018
2823;15/08/2018
2824;26/09/2014
2825;08/01/2014
2826;26/05/2017
2827;06/12/2010
2828;10/01/2014
2829;30/07/2018
2830;12/02/2015
2831;04/10/2013
2832;25/01/2011
2833;31/03/2016
2834;18/07/2013
2835;02/12/2010
2836;20/03/2015
2837;08/01/2012
2838;28/09/2016
2839;29/01/2013
2840;09/03/2012
2841;16/05/2013
2842;24/02/2015
2843;12/07/2018
2844;08/01/2014
2845;02/08/2018
2846;18/03/2014
2847;03/06/2014
2848;28/06/2017
2849;30/10/2014
2850;24/02/2015
2851;23/09/2015
2852;28/11/2017
2853;11/01/2019
2854;09/12/2014
2855;02/06/2015
2856;23/11/2013
2857;08/01/2014
2858;14/01/2019
2859;07/02/2017
2860;04/10/2013
2861;08/11/2017
2862;03/06/2014
2863;11/07/2013
2864;31/10/2018
2865;07/02/2017
2866;02/12/2010
2867;16/07/2018
2868;08/01/2014
2869;11/06/2017
2870;25/09/2015
2871;02/01/2014
2872;08/01/2014
2873;02/11/2018
2874;27/05/2013
2875;26/07/2018
2876;15/10/2018
2877;04/08/2014
2878;02/07/2017
2879;09/05/2011
2880;27/01/2015
2881;06/10/2017
2882;27/09/2013
2883;04/10/2013
2884;13/12/2016
2885;14/11/2018
2886;08/01/2014
2887;27/02/2015
2888;06/10/2017
2889;09/12/2018
2890;02/01/2019
2891;06/10/2017
2892;19/03/2013
2893;02/01/2019
2894;10/12/2016
2895;08/01/2014
2896;23/09/2014
2897;08/06/2014
2898;29/01/2013
2899;05/07/2015
2900;10/12/2012
2901;20/02/2019
2902;03/01/2014
2903;02/03/2013
2904;13/01/2019
2905;08/01/2014
2906;18/06/2017
2907;02/06/2014
2908;29/11/2017
2909;08/01/2014
2910;01/12/2010
2911;11/01/2014
2912;05/08/2011
2913;30/11/2014
2914;26/03/2015
2915;04/04/2017
2916;15/12/2014
2917;13/07/2018
2918;04/10/2013
2919;17/11/2010
2920;01/07/2011
2921;27/01/2012
2922;27/09/2013
2923;13/01/2019
2924;09/05/2011
2925;01/02/2012
2926;15/11/2011
2927;09/12/2014
2928;11/06/2017
2929;04/02/2013
2930;08/01/2014
2931;25/07/2018
2932;24/02/2015
2933;05/03/2017
2934;16/05/2014
2935;09/01/2013
2936;09/12/2014
2937;02/07/2018
2938;19/03/2015
2939;18/03/2016
2940;07/10/2015
2941;24/03/2015
2942;22/09/2014
2943;13/05/2018
